delivery_date,demand_mwh,wind_mwh,solar_pv_mwh,solar_thermal_mwh,nuclear_mwh,hydro_mwh,pumped_storage_mwh,pumped_consumption_mwh,combined_cycle_mwh,net_imports_mwh,solar_mwh
2025-01-01,548526.3280000001,95427.81,77068.251,4656.289,170905.239,58253.569,12394.436,,112055.718,,81724.54000000001
2025-01-02,673289.7869999999,161699.807,90994.359,5610.557,170892.777,73770.723,12960.044,,117104.952,,96604.916
2025-01-03,701595.9509999999,296393.811,73334.219,2309.78,170647.412,70718.959,13435.294,,60657.516,,75643.999
2025-01-04,633222.076,245745.523,67995.0,784.876,170944.574,79800.15,13996.27,,59490.977,,68779.876
2025-01-05,599209.8509999999,326649.308,38230.312,238.901,170955.185,45967.265,17335.285,,38324.863,,38469.212999999996
2025-01-06,575525.601,292544.544,57564.029,1123.661,170919.957,53724.921,19390.393,,43961.377,,58687.69
2025-01-07,720137.548,324630.064,73159.034,2286.378,170891.363,71604.474,19654.216,,52927.85,,75445.412
2025-01-08,744169.291,347452.078,56939.137,654.771,170865.249,91329.463,15957.708,,52737.536,,57593.908
2025-01-09,726321.304,366881.675,71211.938,1793.266,147209.562,91969.634,15763.407,,54075.32,,73005.204
2025-01-10,718310.1540000001,304533.135,59269.631,868.556,154892.612,115547.008,16727.939,,65743.513,,60138.187
2025-01-11,631218.1329999999,325444.353,57395.087,673.601,168581.293,81026.311,12399.221,,43320.985,,58068.688
2025-01-12,590194.6529999999,281771.324,87420.353,3118.876,170909.275,66164.504,10855.17,,59796.143,,90539.229
2025-01-13,728863.3479999999,220212.463,110021.88,6740.568,170962.795,106232.496,12744.414,,91934.774,,116762.448
2025-01-14,768405.768,113024.814,113385.994,7082.801,171010.058,121683.488,10994.614,,169915.281,,120468.79500000001
2025-01-15,782543.6909999999,164455.812,113067.208,6783.02,171045.639,134123.598,10001.266,,159737.046,,119850.228
2025-01-16,794227.8829999999,196177.661,103141.784,6456.357,171048.522,137182.944,10862.115,,156629.374,,109598.141
2025-01-17,780300.194,111666.809,100807.782,6290.742,171078.108,141806.316,12350.139,,179583.928,,107098.524
2025-01-18,680686.174,47329.568,115248.152,6428.397,171107.2,137075.894,5803.796,,146048.993,,121676.549
2025-01-19,647098.351,97608.897,97512.659,3447.228,171091.948,123453.369,8057.993,,111522.35,,100959.887
2025-01-20,772774.971,112335.267,26655.029,383.087,171070.887,138415.894,17984.133,,245727.299,,27038.115999999998
2025-01-21,774072.612,198973.39,32589.661,352.921,170754.173,123564.142,6283.902,,185708.685,,32942.582
2025-01-22,744512.044,262727.462,45809.493,327.377,170992.022,114389.329,6554.127,,106932.786,,46136.87
2025-01-23,722551.7069999999,152043.427,69363.523,1124.166,171018.864,124761.082,4964.484,,117462.614,,70487.689
2025-01-24,714061.363,231490.502,62949.873,1650.111,171058.422,106170.487,15934.999,,36862.495,,64599.984
2025-01-25,639575.2710000001,298552.961,47513.65,288.031,171063.177,84436.191,20631.989,,35950.544,,47801.681000000004
2025-01-26,603338.606,307638.642,41385.731,389.139,163228.856,72949.899,16399.897,,34663.066,,41774.87
2025-01-27,705893.155,393614.036,47163.074,265.512,160712.347,79826.083,16504.279,,33868.575,,47428.586
2025-01-28,736013.704,365495.419,73550.074,1818.153,160955.372,109277.959,12923.26,,28560.285,,75368.227
2025-01-29,756897.9959999999,335238.293,33501.506,217.891,167836.913,121369.599,20890.945,,59432.143,,33719.397000000004
2025-01-30,742867.522,311679.076,90723.09,6072.588,170594.324,111360.612,15441.077,,52942.394,,96795.678
2025-01-31,730762.2919999999,202283.575,121968.082,8650.421,170772.31,142328.711,14186.262,,82707.813,,130618.503
2025-02-01,655222.3430000001,162904.226,112610.256,7674.562,171103.517,133967.733,19403.017,,70434.856,,120284.818
2025-02-02,620373.623,104071.662,81617.048,1319.245,171060.756,158810.579,8097.792,,70611.052,,82936.29299999999
2025-02-03,727790.65,98953.674,105339.578,5353.141,171072.432,165291.173,11510.37,,129284.395,,110692.719
2025-02-04,740758.0869999999,54097.968,126665.806,9433.751,171098.846,176704.358,14653.526,,167598.874,,136099.557
2025-02-05,740326.4689999999,118192.688,135841.29,10266.952,171134.525,171845.991,16210.986,,113380.527,,146108.242
2025-02-06,744155.884,46433.995,138426.906,10711.367,171084.865,177248.789,16603.109,,154929.83,,149138.273
2025-02-07,754237.013,200818.616,83820.222,3191.976,171076.427,169679.117,13468.4,,84772.676,,87012.19799999999
2025-02-08,649153.6179999999,164696.626,119450.009,5889.69,171010.576,145582.267,13776.819,,69748.11,,125339.69900000001
2025-02-09,608964.097,105054.071,117613.28,7863.956,171099.519,155012.803,12491.318,,70502.192,,125477.236
2025-02-10,716164.0310000001,91123.645,89395.33,3227.488,170538.114,174457.013,12428.845,,120729.315,,92622.818
2025-02-11,723943.242,153794.652,88297.252,3553.683,170645.375,170485.817,10490.837,,95456.203,,91850.935
2025-02-12,732170.4,195926.667,101455.069,5767.726,157146.714,162878.737,10035.988,,101812.896,,107222.795
2025-02-13,715851.721,153233.694,133321.319,9352.371,147212.236,162895.181,14777.42,,100486.151,,142673.69
2025-02-14,694636.15,105411.589,137806.035,10704.369,159453.039,169358.795,14344.312,,98896.794,,148510.404
2025-02-15,624795.363,113010.516,108939.822,2728.4,170942.023,154977.252,13391.302,,60866.708,,111668.222
2025-02-16,574966.71,58857.105,127567.578,8512.471,171055.266,149042.421,11701.382,,72461.475,,136080.049
2025-02-17,674513.329,54882.724,119124.422,5715.636,171122.947,162354.408,18980.858,,119544.539,,124840.058
2025-02-18,700999.442,178157.702,86218.183,1117.288,170354.91,145805.699,11419.195,,76463.364,,87335.471
2025-02-19,689156.2239999999,67117.098,111382.293,4973.944,169884.862,149371.914,15935.83,,106853.162,,116356.23700000001
2025-02-20,689935.18,108523.322,135451.905,10437.4,171084.485,130103.393,14937.116,,80722.9,,145889.305
2025-02-21,699225.051,290383.098,77587.505,1256.908,171016.831,95745.655,9279.65,,52539.722,,78844.413
2025-02-22,616327.372,130755.921,100873.101,4497.379,171057.329,122499.96,12929.902,,65081.279,,105370.48
2025-02-23,570510.112,109719.81,143672.261,14586.41,171075.64,91363.991,14617.282,,60787.745,,158258.671
2025-02-24,682247.5880000001,189188.165,123268.937,6299.945,170951.617,107474.106,10027.239,,64763.313,,129568.88200000001
2025-02-25,706946.432,270685.936,82490.465,1472.696,171015.319,119044.005,10284.763,,73094.182,,83963.161
2025-02-26,690092.024,114267.637,151129.234,10948.609,171022.674,130303.403,16419.075,,103522.972,,162077.843
2025-02-27,703570.914,32310.867,112529.096,6167.2,171070.65,144785.556,15884.506,,130128.671,,118696.296
2025-02-28,688152.3709999999,167148.485,88048.738,1019.142,171059.199,137230.513,5107.265,,85596.948,,89067.88
2025-03-01,635371.837,312049.221,61805.408,1599.899,170636.943,86062.682,9565.092,,38399.427,,63405.307
2025-03-02,612744.6649999999,276950.826,40892.375,335.174,170966.537,79042.526,10636.623,,56302.406,,41227.549
2025-03-03,714847.353,244363.76,58281.362,833.231,171166.964,127151.074,13340.45,,84365.564,,59114.593
2025-03-04,704996.18,243382.055,84484.765,648.658,171147.849,125526.947,11652.038,,62284.144,,85133.423
2025-03-05,711516.166,258912.554,60374.578,269.811,171219.256,131244.968,7687.961,,64611.34,,60644.389
2025-03-06,708515.62,245799.158,83606.69,4425.886,171207.811,122257.421,10621.471,,62893.865,,88032.576
2025-03-07,712504.308,286320.414,62758.946,434.347,163601.902,108112.065,14801.795,,38129.725,,63193.293000000005
2025-03-08,632756.675,346136.97,54144.191,279.129,161159.435,70747.259,14489.179,,30436.755,,54423.32
2025-03-09,583328.2820000001,172933.56,98275.006,653.215,166385.797,95735.186,19574.122,,60635.254,,98928.22099999999
2025-03-10,693752.048,136875.1,90727.378,476.654,170951.151,148380.795,12916.31,,83291.197,,91204.03199999999
2025-03-11,706860.109,181186.191,98555.645,2044.494,171151.114,151626.486,11144.318,,88378.119,,100600.13900000001
2025-03-12,699915.428,195917.468,93483.161,278.119,170537.404,154361.198,17131.429,,91145.99,,93761.28
2025-03-13,722721.929,180976.531,66422.05,0.105,171348.91,173223.469,10921.186,,99757.286,,66422.155
2025-03-14,728123.0780000001,211327.072,107999.302,2486.948,171317.599,162648.734,12006.318,,79017.278,,110486.25
2025-03-15,631486.61,142555.868,132834.845,10763.073,171243.204,153010.798,15223.579,,61887.346,,143597.918
2025-03-16,602840.373,95673.327,106866.91,5061.714,171268.161,152149.767,14727.601,,68391.498,,111928.62400000001
2025-03-17,721666.963,141298.935,75564.636,682.248,171245.257,168384.836,15195.298,,97094.393,,76246.884
2025-03-18,729303.24,235912.115,78607.607,1450.899,171186.429,162029.991,10754.707,,77273.185,,80058.50600000001
2025-03-19,692410.639,270369.737,112894.635,6132.146,142869.368,123940.054,14121.945,,42752.538,,119026.78099999999
2025-03-20,708249.5989999999,371906.219,85051.021,1221.16,136109.554,115231.016,15080.809,,38053.229,,86272.181
2025-03-21,701668.9479999999,347580.987,83274.777,1368.242,136259.555,119476.103,20459.938,,40496.145,,84643.019
2025-03-22,617159.4079999999,244267.247,90439.34,1947.928,136257.436,128130.2,15317.511,,40996.622,,92387.268
2025-03-23,587708.2079999999,164857.363,107366.339,3741.72,142051.301,134943.08,13110.068,,55958.126,,111108.05900000001
2025-03-24,691548.895,161318.152,140318.787,11023.619,145407.985,157802.041,13872.918,,77702.113,,151342.40600000002
2025-03-25,693310.1159999999,165778.367,138825.035,12670.616,147247.222,174478.25,14491.546,,75661.64,,151495.651
2025-03-26,677616.866,170079.089,135987.009,17146.581,147408.261,169444.87,16085.374,,68721.665,,153133.59
2025-03-27,669082.2459999999,158243.564,136643.617,17254.502,147372.118,170446.261,19299.191,,67820.6,,153898.119
2025-03-28,650398.692,187088.711,139351.512,19575.086,147312.42,157539.885,18082.849,,57606.496,,158926.598
2025-03-29,574296.583,233087.191,133779.983,21049.109,130662.373,118428.897,7015.801,,49174.593,,154829.092
2025-03-30,510899.026,170865.112,123232.653,18343.162,124826.286,90160.987,13684.406,,44743.282,,141575.815
2025-03-31,624127.156,113457.695,151659.195,23070.65,136524.26,121196.797,13780.717,,70711.426,,174729.845
2025-04-01,637158.653,54776.096,139997.742,9365.733,147146.269,147255.696,14467.816,,61405.239,,149363.475
2025-04-02,664080.031,157832.333,106657.138,3708.358,147220.769,144984.659,22258.0,,54450.326,,110365.49600000001
2025-04-03,679219.193,240256.583,79643.227,802.791,147250.328,145392.235,20944.39,,49829.461,,80446.018
2025-04-04,669222.023,250506.372,103381.407,2656.0,130569.628,132457.778,19334.792,,47870.144,,106037.407
2025-04-05,576638.539,142382.333,126522.144,4717.474,123770.48,124268.112,21841.629,,45766.509,,131239.618
2025-04-06,528086.123,92033.123,118465.045,7477.015,123539.993,120987.618,21650.203,,53499.485,,125942.06
2025-04-07,620476.568,65257.852,177501.174,17288.389,145226.429,147198.0,18610.919,,74555.397,,194789.563
2025-04-08,626741.062,67667.001,159542.048,20653.951,147145.564,152443.475,20624.901,,64224.034,,180195.999
2025-04-09,626184.7409999999,90339.758,153324.835,12838.938,147083.146,150978.842,24235.906,,63506.2,,166163.773
2025-04-10,630421.692,182127.617,138171.889,7618.789,147086.35,133314.511,21821.075,,51192.713,,145790.67799999999
2025-04-11,641915.0210000001,208011.008,94643.938,3569.347,147118.948,139401.9,17965.108,,53817.322,,98213.28499999999
2025-04-12,577291.4089999999,92396.356,89034.121,421.946,140803.317,144551.83,20828.093,,68403.137,,89456.067
2025-04-13,529947.869,46441.752,124783.481,4652.518,139433.779,127527.304,17629.278,,64695.779,,129435.999
2025-04-14,623242.595,168734.53,111511.729,4814.259,139433.005,135254.803,13713.715,,57587.646,,116325.98800000001
2025-04-15,642713.887,232201.639,138067.451,6776.661,100631.715,120561.087,18340.07,,51052.193,,144844.112
2025-04-16,633954.9149999999,263278.688,149124.935,11541.378,69406.985,118185.246,25300.425,,53534.957,,160666.313
2025-04-17,555463.131,204505.466,153704.591,7876.867,52871.65,115180.989,21622.595,,66147.492,,161581.45799999998
2025-04-18,516929.26,178180.777,114327.279,7044.833,49299.37,111285.9,15909.521,,74626.076,,121372.112
2025-04-19,530677.394,227773.515,112473.502,9892.519,49284.017,103067.923,7824.333,,72120.952,,122366.021
2025-04-20,510367.58499999996,131456.785,117896.122,6471.893,49277.311,119442.614,12763.294,,75751.095,,124368.015
2025-04-21,558178.149,72151.849,173917.162,10040.316,51273.278,149446.6,19591.358,,74704.757,,183957.478
2025-04-22,627365.376,101548.325,164247.366,11871.642,70791.904,165618.247,20518.995,,83837.695,,176119.008
2025-04-23,614119.3080000001,108960.758,205149.104,23025.736,84756.932,154139.248,19893.17,,69079.852,,228174.84
2025-04-24,615883.423,114345.501,197602.705,24771.638,89147.543,137078.231,21503.109,,65797.866,,222374.343
2025-04-25,618285.438,77588.737,187457.647,21067.36,89129.815,139679.782,22788.284,,67476.827,,208525.00699999998
2025-04-26,548507.283,181094.404,162601.308,23212.71,82694.573,105408.768,18030.529,,45943.224,,185814.01799999998
2025-04-27,505602.089,130946.262,131886.683,27443.305,81344.289,90906.966,24441.37,,68581.349,,159329.98799999998
2025-04-28,364238.964,58302.029,70259.84,9324.567,42545.486,91278.536,24384.105,,55290.77,,79584.40699999999
2025-04-29,550125.0240000001,89671.124,89865.461,4594.492,151.929,155425.053,12442.997,,193389.019,,94459.953
2025-04-30,604108.957,223030.98,103571.966,5674.004,16375.862,124959.347,15815.996,,95567.364,,109245.97
2025-05-01,508254.699,130724.239,116146.704,10924.462,33739.67,107190.425,23973.261,,94135.429,,127071.166
2025-05-02,551583.776,181552.51,99562.549,5316.38,34186.824,109826.603,22757.592,,113763.587,,104878.929
2025-05-03,522306.43200000003,89401.604,133709.968,3337.87,34231.883,110090.831,26030.95,,99218.117,,137047.838
2025-05-04,497241.793,112866.141,112182.23,4063.742,34553.096,102538.452,25338.78,,96379.721,,116245.972
2025-05-05,608627.2080000001,217879.159,119432.988,4138.351,39367.435,116245.975,17080.314,,97473.096,,123571.33899999999
2025-05-06,617493.8589999999,175875.123,133535.421,10496.438,66761.163,124556.035,16074.721,,87184.658,,144031.859
2025-05-07,619445.795,103209.161,165963.041,8755.719,97788.54,143717.05,17874.242,,78295.405,,174718.76
2025-05-08,628483.706,73222.006,128829.448,2571.304,103766.726,161828.05,20347.155,,85449.168,,131400.752
2025-05-09,625938.2260000001,65937.542,147070.131,6336.489,104013.885,161092.817,23946.328,,78260.118,,153406.62
2025-05-10,551958.78,101714.558,112170.888,6829.213,104456.729,126818.359,16770.69,,77840.142,,119000.10100000001
2025-05-11,508370.82,84707.67,115906.293,13737.972,114766.613,114800.351,15092.687,,85280.946,,129644.265
2025-05-12,603143.956,77852.952,162592.454,20435.923,122389.497,142621.215,14437.106,,85898.577,,183028.377
2025-05-13,620085.5700000001,45845.879,152002.996,14703.624,122663.944,142189.673,16980.568,,92195.04,,166706.62000000002
2025-05-14,631866.021,50195.327,156736.846,16394.089,122499.821,138594.506,19847.552,,83168.775,,173130.935
2025-05-15,620974.7840000001,132002.743,139874.014,19229.457,112627.393,130778.005,16287.311,,70974.454,,159103.471
2025-05-16,609065.9870000001,157127.63,159508.127,22926.2,114099.327,123150.757,15982.419,,73860.8,,182434.32700000002
2025-05-17,533145.083,59996.084,155575.537,19347.35,107727.97,125485.817,22063.357,,84288.269,,174922.88700000002
2025-05-18,498969.107,88420.55,143643.367,18067.77,97574.726,110860.521,19416.683,,82634.756,,161711.137
2025-05-19,603217.542,135698.738,159633.053,17130.934,103546.343,117645.973,19891.098,,97404.536,,176763.98700000002
2025-05-20,613036.1639999999,133561.439,172849.1,21864.876,104842.89,113535.036,23647.879,,87805.906,,194713.976
2025-05-21,624065.756,100916.467,189912.28,24364.663,104929.42,120675.946,24575.695,,83484.929,,214276.943
2025-05-22,627866.206,193798.91,168935.031,21220.849,104918.546,107094.641,25823.735,,77926.104,,190155.87999999998
2025-05-23,621633.38,198210.305,174930.298,18963.217,104950.532,97111.283,18079.728,,73280.181,,193893.515
2025-05-24,537349.03,108281.525,168446.42,25692.848,98951.862,84356.925,20821.947,,76297.345,,194139.268
2025-05-25,505081.94700000004,60111.88,153430.362,25422.269,105388.359,71682.358,27742.307,,87664.845,,178852.631
2025-05-26,616095.985,108423.631,202870.401,24257.469,109622.488,95515.637,20185.854,,89816.862,,227127.87000000002
2025-05-27,632678.545,89696.173,209208.809,23781.575,115355.603,90237.67,19657.707,,86542.781,,232990.38400000002
2025-05-28,649377.9280000001,73764.53,201657.98,23534.779,122987.655,103711.603,23598.125,,87918.525,,225192.75900000002
2025-05-29,664082.683,73823.862,200959.854,21125.947,134686.008,101388.325,20955.842,,93855.725,,222085.80099999998
2025-05-30,675845.01,80925.066,192268.354,18700.019,142099.224,99675.495,19967.726,,98689.447,,210968.373
2025-05-31,602814.677,69080.716,175484.497,20150.716,142986.015,85769.432,17468.29,,85362.832,,195635.213
2025-06-01,564157.433,111425.295,147893.38,14000.132,126053.342,76811.091,12905.757,,88509.17,,161893.51200000002
2025-06-02,667258.387,182091.562,172686.603,12423.634,115284.573,86817.431,15461.046,,95930.247,,185110.237
2025-06-03,660109.9639999999,105313.351,155238.65,7596.965,111879.332,96174.992,19201.564,,112095.347,,162835.615
2025-06-04,653710.8239999999,89578.734,198706.555,12128.221,110807.573,92259.574,17903.08,,111447.087,,210834.77599999998
2025-06-05,657856.2949999999,91925.859,210053.227,20920.469,97447.694,82111.351,16273.987,,127388.769,,230973.69600000003
2025-06-06,660448.104,72911.788,224807.959,24065.679,99735.607,88013.164,13519.647,,131890.153,,248873.638
2025-06-07,589131.259,73056.2,191383.619,23324.75,114502.829,70267.547,11122.216,,110781.335,,214708.369
2025-06-08,558730.458,89744.763,168444.753,22486.536,120829.107,55988.399,19426.942,,105107.626,,190931.289
2025-06-09,667859.061,98125.517,192916.555,10439.619,120700.594,82448.722,19264.656,,126626.363,,203356.174
2025-06-10,711249.0830000001,105510.228,163162.262,3278.332,120645.15,105530.537,16409.01,,140143.373,,166440.59399999998
2025-06-11,708519.3529999999,156920.88,166432.454,11267.077,120729.053,80770.294,10481.503,,151069.728,,177699.531
2025-06-12,690092.866,90918.644,218937.236,20402.354,120716.343,78835.197,20265.095,,140295.405,,239339.59
2025-06-13,695766.598,100422.159,211474.139,21710.741,125070.254,81128.696,19909.565,,153084.245,,233184.88
2025-06-14,618817.975,74375.192,194888.801,19274.317,142853.074,59456.827,22320.553,,124636.26,,214163.11800000002
2025-06-15,584656.046,158571.032,172698.146,18764.973,144068.959,50574.152,19069.303,,87771.374,,191463.119
2025-06-16,708974.0,142785.582,212812.694,17062.111,143980.29,65129.01,16274.842,,117461.066,,229874.805
2025-06-17,743007.2400000001,95514.841,215769.265,18046.054,139903.91,90231.657,13864.071,,153593.133,,233815.31900000002
2025-06-18,752464.09,67396.819,218505.589,15370.897,120602.769,99163.076,12527.944,,186547.744,,233876.486
2025-06-19,754018.914,90020.043,186239.5,9366.693,124365.932,101076.979,16305.969,,183988.402,,195606.193
2025-06-20,753034.863,79537.902,223237.536,14624.965,132559.52,95111.151,14164.314,,163755.269,,237862.501
2025-06-21,672449.189,81499.975,210854.737,18683.545,150637.959,71594.318,14425.228,,127910.958,,229538.282
2025-06-22,625935.211,94002.102,183147.401,18327.374,167323.313,59769.984,13729.448,,103407.612,,201474.77500000002
2025-06-23,722059.1009999999,114468.637,192568.42,10906.395,167791.432,77419.668,17565.172,,112826.946,,203474.815
2025-06-24,709774.2,145489.501,178577.88,6683.925,167886.599,76243.655,13091.21,,114677.891,,185261.805
2025-06-25,730678.604,132316.763,224607.884,16945.521,168157.619,80991.993,16002.43,,129256.043,,241553.405
2025-06-26,739895.834,106374.448,236498.671,22682.285,168263.944,79161.853,11955.765,,126971.378,,259180.956
2025-06-27,756471.204,73079.722,228351.298,21368.225,167799.624,91535.452,16890.912,,166679.458,,249719.52300000002
2025-06-28,688432.6869999999,82562.758,223343.846,19529.502,167330.304,70642.181,17838.656,,135509.788,,242873.348
2025-06-29,660951.3099999999,83282.996,209918.723,18159.679,157748.741,66280.611,16370.823,,143965.804,,228078.402
2025-06-30,786324.8400000001,87996.047,198120.099,16385.645,160704.814,97770.34,12551.057,,207702.091,,214505.74399999998
2025-07-01,805071.069,83809.86,200778.386,16393.551,142625.173,107557.566,15490.3,,233338.753,,217171.937
2025-07-02,808972.494,157076.64,187250.535,20451.378,142725.129,96718.185,9187.549,,198376.204,,207701.913
2025-07-03,804063.787,203012.551,193150.899,20661.689,142455.515,87585.436,8144.194,,155203.987,,213812.588
2025-07-04,788924.7479999999,152518.007,203429.069,22710.046,139798.573,85539.443,8670.477,,168506.997,,226139.115
2025-07-05,695430.574,149199.892,197264.98,24677.268,163903.887,64055.606,15116.922,,111526.428,,221942.24800000002
2025-07-06,640923.924,111713.93,195550.581,24094.065,164799.208,53668.715,17443.111,,104563.79,,219644.646
2025-07-07,750389.7019999999,182201.6,228196.834,23020.659,166546.272,55801.23,15541.305,,112832.182,,251217.49300000002
2025-07-08,744098.0469999999,219034.622,207564.976,22391.205,166667.153,51189.804,14425.634,,91984.777,,229956.18099999998
2025-07-09,760165.964,116405.577,183774.534,21297.285,166506.084,84155.037,13337.644,,147072.579,,205071.81900000002
2025-07-10,755488.2359999999,60871.511,215918.112,21072.009,166192.842,81237.667,13191.381,,170857.572,,236990.12099999998
2025-07-11,738416.6720000001,100009.844,202456.683,19271.75,165985.442,75633.114,14688.602,,140926.845,,221728.433
2025-07-12,624371.8420000001,71395.103,172983.099,13119.146,166994.814,67217.281,15220.605,,117497.959,,186102.245
2025-07-13,570206.524,41194.503,199556.463,22649.008,166373.472,53436.509,18827.214,,94161.634,,222205.471
2025-07-14,712112.809,88480.242,223503.701,25851.894,166425.216,63109.454,17294.045,,95126.808,,249355.595
2025-07-15,746343.144,112527.94,234208.022,25799.223,166551.42,63599.808,19125.024,,107410.606,,260007.245
2025-07-16,763937.94,76491.89,236717.754,25621.563,166385.44,70095.726,21629.05,,146392.327,,262339.317
2025-07-17,785074.3259999999,75465.931,219684.055,25295.077,165851.532,75394.658,15909.371,,168505.682,,244979.13199999998
2025-07-18,766591.569,137890.884,209788.405,24371.384,165699.58,65890.869,11102.343,,130313.316,,234159.789
2025-07-19,659885.515,170292.417,186308.535,22346.981,166581.221,37233.657,19096.736,,71866.997,,208655.516
2025-07-20,610609.961,180445.379,165815.787,23295.873,164384.578,32188.158,20287.99,,62640.993,,189111.66
2025-07-21,705079.7039999999,117349.758,228965.041,24326.347,167119.622,51870.674,22219.236,,87001.763,,253291.388
2025-07-22,723081.212,80983.31,219356.627,24829.457,166735.006,64215.57,25656.69,,108768.867,,244186.084
2025-07-23,737505.449,139753.635,160777.564,15211.051,166657.052,81780.119,16689.664,,127840.8,,175988.61500000002
2025-07-24,699754.867,241075.108,168674.535,16711.793,167437.911,48484.364,14063.745,,83930.133,,185386.328
2025-07-25,645028.37,209709.799,189430.382,16532.933,167717.365,37185.399,24262.985,,68032.478,,205963.315
2025-07-26,600090.059,176084.692,199386.564,19135.228,167106.979,34074.73,25699.016,,64430.55,,218521.79200000002
2025-07-27,578196.12,140015.402,180840.121,22391.105,167427.899,36610.404,24162.826,,73683.344,,203231.22600000002
2025-07-28,686662.3119999999,217977.784,197837.417,22781.28,167549.924,38952.927,18441.496,,79905.103,,220618.697
2025-07-29,682286.7270000001,230690.763,180339.681,19643.675,167323.118,41071.272,19975.657,,80493.033,,199983.356
2025-07-30,690048.987,203219.222,197851.668,16962.046,167461.834,47236.728,21650.067,,88810.918,,214813.714
2025-07-31,689716.928,190779.717,205785.268,17940.544,166993.403,50513.782,18191.342,,86603.02,,223725.812
2025-08-01,689626.289,195543.628,192193.265,18337.766,166318.907,47474.361,19938.422,,88727.027,,210531.03100000002
2025-08-02,623185.87,207647.724,192589.205,18788.764,165609.066,33673.477,20962.714,,77722.017,,211377.96899999998
2025-08-03,587960.565,166913.764,173764.943,19853.5,165347.804,33739.809,16775.429,,73256.666,,193618.443
2025-08-04,688303.0070000001,97349.82,211688.859,14891.661,164735.248,59815.266,19204.978,,104808.672,,226580.52
2025-08-05,687226.9180000001,172253.978,194929.264,16423.402,163840.549,54197.683,25720.526,,89624.113,,211352.666
2025-08-06,688639.2250000001,107636.08,198646.36,16885.358,164647.994,74699.898,21587.6,,133554.861,,215531.718
2025-08-07,705466.666,59797.435,225220.302,17345.366,164168.972,84751.446,23158.444,,128406.405,,242565.668
2025-08-08,703350.1410000001,94406.174,206605.126,17294.842,164036.374,73693.204,18661.948,,112170.199,,223899.968
2025-08-09,645347.198,100672.204,201836.389,18851.12,164026.02,59162.326,19765.213,,101751.312,,220687.509
2025-08-10,616098.907,103183.037,181393.927,19203.245,163801.115,50122.586,17901.091,,93390.569,,200597.172
2025-08-11,715164.778,76983.428,213694.256,19125.153,164216.218,76487.27,26618.476,,133092.916,,232819.40899999999
2025-08-12,733663.5619999999,97984.356,182588.427,15387.688,164200.49,90880.416,16588.535,,158081.376,,197976.115
2025-08-13,728864.678,91101.604,176362.425,14717.516,164724.307,85935.496,13551.767,,154478.144,,191079.941
2025-08-14,713935.281,103161.467,190054.472,15636.255,164837.317,67309.344,11749.515,,147317.281,,205690.727
2025-08-15,646313.182,90726.674,201122.75,19200.988,164544.215,53278.044,17924.896,,111116.45,,220323.738
2025-08-16,659547.145,47872.784,195921.042,15527.551,164430.51,59529.546,23925.367,,149209.973,,211448.593
2025-08-17,647188.6329999999,51139.649,178949.376,12032.019,158683.192,55078.699,20688.458,,147212.87,,190981.395
2025-08-18,735148.141,106872.453,145304.976,3907.807,164117.887,73305.647,14692.087,,157525.054,,149212.783
2025-08-19,709625.677,145857.295,180121.591,13131.397,164360.627,50568.417,12885.124,,120085.123,,193252.98799999998
2025-08-20,674889.852,162958.527,174243.542,15624.373,164885.112,44495.691,16446.245,,103800.027,,189867.91499999998
2025-08-21,660121.423,148376.594,194236.073,17165.361,165148.478,45223.484,17905.026,,98850.841,,211401.434
2025-08-22,652099.284,157355.078,191205.608,14363.02,165308.56,46980.522,19379.145,,95251.319,,205568.628
2025-08-23,600500.937,70697.555,196904.913,18725.912,165070.724,55011.85,26476.279,,97384.091,,215630.825
2025-08-24,575026.457,46669.957,164381.307,11684.264,164636.505,50372.735,23689.606,,105623.066,,176065.571
2025-08-25,686744.448,83712.061,165019.501,11755.816,164392.192,75423.447,18113.005,,133651.258,,176775.31699999998
2025-08-26,716310.7119999999,80725.116,172702.121,6403.025,163981.783,75652.951,15426.281,,153476.385,,179105.146
2025-08-27,722253.473,98729.418,172494.914,11125.483,164173.693,70050.6,11013.23,,154372.501,,183620.397
2025-08-28,686852.389,189123.576,170658.607,18373.916,164691.747,46234.364,8895.927,,92566.075,,189032.523
2025-08-29,658874.6479999999,183778.528,164839.067,19367.024,163839.619,39331.077,12672.145,,73881.995,,184206.09100000001
2025-08-30,598578.0249999999,113802.388,186427.594,20122.944,163673.194,34391.283,24531.375,,74989.515,,206550.538
2025-08-31,567930.366,152100.725,139352.936,16850.402,164391.157,28519.335,18920.811,,72968.208,,156203.338
2025-09-01,645206.5560000001,191475.934,180303.238,17360.538,164301.185,35273.806,18572.246,,86429.48,,197663.776
2025-09-02,660983.343,134199.806,176548.932,19731.756,164565.597,41609.376,21480.814,,84915.793,,196280.688
2025-09-03,675936.075,128824.393,184253.873,21104.549,164870.376,50509.704,18868.376,,82318.336,,205358.422
2025-09-04,691113.0480000001,117356.24,194515.333,17044.578,164717.808,47716.049,18986.348,,107137.853,,211559.91100000002
2025-09-05,684025.8620000001,170425.308,178954.531,14664.3,164814.614,52940.397,20138.171,,88145.712,,193618.83099999998
2025-09-06,615159.666,215772.81,146764.339,10804.026,164580.68,35685.788,20781.972,,61137.456,,157568.36500000002
2025-09-07,591146.169,157308.548,118585.453,4195.059,162682.385,42938.018,17079.836,,86430.465,,122780.51199999999
2025-09-08,683728.802,136728.336,166884.707,7490.877,164090.387,63605.608,17364.716,,111334.49,,174375.584
2025-09-09,680122.673,138219.411,177680.871,8904.673,161498.334,60083.871,16180.648,,90888.705,,186585.54400000002
2025-09-10,673983.7699999999,204433.069,149264.771,16176.833,155817.108,46610.325,12786.534,,81808.045,,165441.60400000002
2025-09-11,659388.751,145292.024,178850.647,19189.693,155786.157,48882.774,15416.984,,80691.337,,198040.34
2025-09-12,670255.3730000001,74595.826,192062.833,18492.487,155605.506,68255.444,21373.223,,102498.048,,210555.32
2025-09-13,602257.603,78090.55,167669.654,17036.231,155321.207,54986.676,17445.863,,95325.84,,184705.885
2025-09-14,565137.928,79493.896,177867.046,17864.882,155321.623,47093.973,15357.435,,87225.417,,195731.928
2025-09-15,686766.2890000001,92543.909,202994.083,18173.999,155259.914,61969.458,18321.949,,112628.907,,221168.08200000002
2025-09-16,712002.1,95912.97,197429.012,17314.238,150803.26,62862.099,18533.517,,145546.4,,214743.25
2025-09-17,720486.711,48407.66,196658.057,16190.129,149420.839,77972.968,19529.085,,177060.995,,212848.186
2025-09-18,724861.714,81177.172,180382.505,12694.761,146375.128,73311.165,21093.328,,179716.889,,193077.266
2025-09-19,721540.829,158677.812,144450.276,5051.26,132595.001,80198.212,13684.591,,155205.06,,149501.53600000002
2025-09-20,631927.638,150536.305,155478.267,10427.257,132568.062,56687.458,16834.3,,93845.984,,165905.524
2025-09-21,572855.343,166464.482,129165.109,10224.321,135044.754,31115.993,16393.829,,80719.373,,139389.43
2025-09-22,625152.139,163203.017,170994.225,15160.41,142377.26,40180.325,18935.085,,85245.297,,186154.635
2025-09-23,636461.8150000001,180627.01,163726.552,17748.749,142714.503,35334.714,18634.801,,89594.144,,181475.301
2025-09-24,634703.621,162795.278,165679.683,11817.609,142896.662,45176.624,14441.527,,96722.841,,177497.292
2025-09-25,642751.818,105474.893,179953.221,13489.55,142848.332,63016.545,16848.471,,121753.061,,193442.77099999998
2025-09-26,634585.879,40737.055,185950.14,15045.953,142554.044,70806.307,26015.993,,156152.915,,200996.09300000002
2025-09-27,564486.029,81042.478,140514.794,8997.806,142401.034,59761.297,18523.212,,109621.419,,149512.6
2025-09-28,535623.905,164825.236,90858.972,1697.614,142174.645,38927.505,10594.234,,78131.175,,92556.586
2025-09-29,623113.179,188788.841,112273.27,3214.755,142102.663,50932.329,18636.437,,102158.235,,115488.02500000001
2025-09-30,635531.228,94218.485,148166.998,8773.269,142107.029,63985.517,20438.951,,121190.294,,156940.267
2025-10-01,637121.341,82771.793,177421.955,15040.912,142038.95,67758.102,19170.119,,138639.517,,192462.867
2025-10-02,640701.551,53265.177,179045.942,14201.796,142079.815,69315.623,16509.387,,160402.116,,193247.738
2025-10-03,646045.9349999999,45242.12,162194.535,14740.474,141634.574,81541.455,14625.322,,174038.269,,176935.009
2025-10-04,574138.916,122285.444,157128.477,13651.054,141603.649,41263.019,17024.611,,95399.801,,170779.53100000002
2025-10-05,531480.754,198111.99,126705.304,19127.674,137758.33,23992.046,12571.314,,84963.699,,145832.978
2025-10-06,632389.8609999999,125551.656,142266.946,10890.229,118519.263,67909.969,19746.998,,140858.565,,153157.175
2025-10-07,641260.7669999999,40092.383,168104.697,11373.794,118061.748,83161.451,13922.465,,190369.274,,179478.49099999998
2025-10-08,650196.8709999999,93769.111,145025.294,10742.695,118089.812,85916.216,8999.919,,162893.427,,155767.989
2025-10-09,642913.48,234992.471,134788.271,9953.498,117950.416,57378.064,16082.161,,115214.77,,144741.769
2025-10-10,630107.668,212110.073,132480.017,8284.571,118037.761,54170.301,15764.907,,104790.89,,140764.588
2025-10-11,555179.899,116773.785,141877.965,11591.025,118158.153,45291.585,18122.791,,112558.927,,153468.99
2025-10-12,516294.85199999996,117849.972,124215.781,7463.517,118077.49,42389.472,11380.056,,127152.899,,131679.298
2025-10-13,599714.598,49549.046,122173.936,6982.488,118385.258,68989.181,16907.605,,197515.286,,129156.424
2025-10-14,640843.11,23236.794,151227.244,8645.593,118654.7,73345.3,16859.014,,231709.007,,159872.837
2025-10-15,641413.9339999999,35574.104,141627.085,6504.547,118610.143,68804.966,17423.726,,231571.121,,148131.63199999998
2025-10-16,649378.279,50567.975,123135.467,2189.627,118290.077,75822.816,14625.368,,235166.925,,125325.094
2025-10-17,641891.8219999999,53964.231,141890.296,8868.658,118051.061,65677.544,12284.684,,235664.48,,150758.954
2025-10-18,557566.4429999999,66933.45,148677.746,9508.121,117994.884,63857.852,13700.065,,160554.357,,158185.86700000003
2025-10-19,530090.434,207206.915,106825.465,5893.053,111118.076,30519.726,13628.896,,92336.337,,112718.518
2025-10-20,634742.943,289705.741,105545.129,3109.074,115403.419,40065.807,19374.089,,101127.493,,108654.203
2025-10-21,656483.916,317042.327,85804.796,1115.397,117002.595,48938.419,17087.668,,107068.565,,86920.193
2025-10-22,658450.2100000001,360669.036,99227.45,3562.284,116988.627,35100.359,17331.597,,86392.12,,102789.734
2025-10-23,653322.966,328715.799,120526.877,5547.743,117133.258,26712.832,20008.59,,96154.54,,126074.62
2025-10-24,639179.6980000001,125591.106,121900.943,7521.647,116992.112,65307.263,19865.455,,136160.349,,129422.59
2025-10-25,570284.5599999999,117516.917,106253.551,6671.563,96825.103,63620.629,17371.362,,136988.281,,112925.114
2025-10-26,555835.185,195869.432,99824.357,1990.631,99452.986,37061.654,13293.867,,119477.301,,101814.988
2025-10-27,622615.13,99555.447,150545.241,6591.936,103623.713,60161.422,22345.907,,152224.566,,157137.177
2025-10-28,643153.291,99193.038,121136.029,2627.582,106875.349,62511.342,16298.881,,188807.666,,123763.61099999999
2025-10-29,658695.9789999999,175355.301,56499.039,722.214,113405.556,61966.128,11017.362,,216568.199,,57221.253
2025-10-30,647912.091,181309.172,91668.213,1359.19,119234.188,53256.148,14907.335,,161432.398,,93027.403
2025-10-31,640643.4839999999,264748.809,83864.443,561.486,119748.7,37025.302,15646.288,,87285.766,,84425.929
2025-11-01,553378.57,200026.641,92360.892,2814.786,118635.363,34246.69,15080.785,,104440.917,,95175.67800000001
2025-11-02,527494.171,176022.498,113612.14,4367.012,119820.708,25393.625,17420.775,,108489.307,,117979.152
2025-11-03,626509.286,97882.317,148972.561,9258.842,120055.113,54714.682,25710.442,,127100.489,,158231.403
2025-11-04,651312.001,214342.407,120794.245,4705.098,120222.642,42203.163,20348.267,,92949.631,,125499.343
2025-11-05,668738.81,361087.354,61195.988,258.048,120112.114,25708.934,16354.426,,84783.078,,61454.036
2025-11-06,666397.047,358433.253,93655.796,2531.488,119941.745,36340.879,16047.32,,84568.746,,96187.284
2025-11-07,669332.75,252173.658,75348.982,1986.206,120038.21,64528.349,15483.669,,111616.93,,77335.18800000001
2025-11-08,589378.1889999999,248576.682,111387.219,6808.107,120012.109,40890.758,11189.11,,103929.06,,118195.326
2025-11-09,551201.312,126999.008,128833.624,3022.093,117238.047,48560.695,17492.977,,117099.101,,131855.717
2025-11-10,652174.275,134207.511,123881.682,5905.468,105885.895,77639.801,16356.469,,144073.804,,129787.15
2025-11-11,676681.168,210756.335,124137.004,5734.656,95096.931,56505.399,17536.725,,126603.689,,129871.66
2025-11-12,676996.7729999999,336462.005,108082.201,4502.613,94866.787,43549.255,16250.657,,88760.173,,112584.814
2025-11-13,696473.6749999999,380325.747,31882.045,0.349,96586.874,53555.864,12137.552,,104967.93,,31882.393999999997
2025-11-14,685453.426,351215.342,60211.746,38.794,104386.664,52938.008,12138.195,,97659.592,,60250.54
2025-11-15,607406.238,315610.475,37226.885,68.591,108826.355,61431.621,9315.749,,75118.293,,37295.476
2025-11-16,559715.178,207495.469,79081.658,601.176,114236.092,63700.778,15733.051,,87177.103,,79682.834
2025-11-17,668772.9850000001,163466.241,88768.569,1120.231,110372.356,83973.016,16461.202,,136703.709,,89888.8
2025-11-18,687627.133,190462.942,130836.127,5346.199,110940.759,82370.053,14918.92,,149022.139,,136182.326
2025-11-19,706362.6680000001,131831.076,111650.596,2595.539,118140.045,108416.682,12122.374,,170032.502,,114246.13500000001
2025-11-20,723685.263,225672.921,127943.772,5356.373,119498.305,97302.391,12545.313,,146417.661,,133300.145
2025-11-21,735258.499,257152.893,127357.284,7103.566,127174.15,93740.606,14775.888,,150234.557,,134460.85
2025-11-22,660278.9010000001,242912.043,127994.281,6059.973,139039.13,84268.954,16425.358,,115403.137,,134054.25400000002
2025-11-23,624135.684,288961.006,102836.287,3074.648,144232.459,68719.327,16904.457,,93913.329,,105910.935
2025-11-24,736060.165,409282.724,41364.428,49.747,144976.706,64607.318,16320.756,,108486.513,,41414.175
2025-11-25,739888.813,323385.33,117451.983,4379.75,145389.053,72857.695,16228.292,,120844.49,,121831.733
2025-11-26,747373.247,256238.969,129980.76,6561.172,145554.284,92444.575,16154.239,,144273.085,,136541.932
2025-11-27,755171.638,199769.667,137214.249,6472.049,145458.466,111617.638,13685.803,,163356.541,,143686.298
2025-11-28,746449.432,79518.234,135669.252,6178.281,145406.459,123313.636,20061.007,,181043.554,,141847.533
2025-11-29,663238.389,100661.258,102924.093,2878.591,145273.4,91300.817,13131.743,,131503.767,,105802.684
2025-11-30,635389.478,217569.883,67123.782,295.917,145259.833,72384.145,11006.926,,117904.746,,67419.69900000001
2025-12-01,748785.67,136635.68,115556.068,3472.705,145316.571,99661.852,15915.413,,156583.955,,119028.773
2025-12-02,769094.292,189516.692,66963.667,781.249,145535.574,116146.49,15101.688,,174456.149,,67744.916
2025-12-03,769738.537,279730.483,110236.374,4727.171,145079.749,93469.244,9893.056,,146228.096,,114963.545
2025-12-04,794868.1819999999,387076.064,40491.61,227.882,145669.772,85421.099,11849.585,,137887.266,,40719.492
2025-12-05,762055.194,361223.054,52836.313,238.7,145675.648,76383.784,15829.981,,119437.725,,53075.013
2025-12-06,640999.1020000001,339301.217,58754.474,341.847,145532.499,49372.446,11725.46,,88636.283,,59096.321
2025-12-07,594542.4439999999,239111.22,74496.043,2102.811,143937.99,54884.68,15185.524,,95461.921,,76598.854
2025-12-08,613846.456,142257.844,103868.317,3359.963,145611.689,67553.173,16539.746,,91436.605,,107228.28
2025-12-09,724710.365,208403.76,81198.507,1052.092,145661.047,89056.854,14536.365,,120894.215,,82250.599
2025-12-10,752451.965,76776.894,34805.649,218.171,146299.588,134729.452,18123.751,,231168.562,,35023.82
2025-12-11,746314.2949999999,128821.071,81406.874,2145.143,145624.847,132621.565,12069.083,,164689.862,,83552.01699999999
2025-12-12,745771.952,142271.996,36625.645,304.825,145658.28,133280.86,8943.738,,182214.718,,36930.469999999994
2025-12-13,647513.314,125609.631,79885.194,858.228,145526.615,97583.053,8066.778,,120947.544,,80743.422
2025-12-14,620691.66,108796.968,79476.85,2630.52,145684.883,93726.921,8514.078,,120472.488,,82107.37000000001
2025-12-15,732090.095,142129.047,48689.811,316.679,145670.867,125835.823,15638.371,,170650.448,,49006.49
2025-12-16,761949.954,153398.766,33621.029,213.849,145656.552,115871.076,6162.418,,168056.956,,33834.878000000004
2025-12-17,741346.665,96327.454,81013.243,2042.177,145739.943,127434.476,11988.851,,218342.61,,83055.42
2025-12-18,738945.6749999999,184182.832,87745.298,2360.64,148791.133,109895.984,7875.216,,134869.441,,90105.938
2025-12-19,734821.789,56398.639,34285.651,337.283,156118.229,139584.401,13241.411,,222636.19,,34622.934
2025-12-20,653223.966,153588.24,64538.572,578.47,163970.992,114476.932,4317.692,,97720.316,,65117.042
2025-12-21,632338.115,219870.225,43279.255,251.519,170135.37,87682.524,19754.804,,88503.687,,43530.774
2025-12-22,727517.7880000001,240395.68,72247.172,791.546,170650.666,114694.153,14956.361,,130738.746,,73038.71800000001
2025-12-23,734105.279,240735.265,45267.331,225.578,170714.71,122415.509,7041.487,,129017.9,,45492.909
2025-12-24,643161.9230000001,228721.791,84065.594,1128.167,170718.628,74484.949,10125.046,,59811.279,,85193.761
2025-12-25,571536.52,124317.103,77139.203,3710.118,170761.466,92294.932,17505.278,,110917.811,,80849.321
2025-12-26,642238.5399999999,60320.763,89237.43,2629.228,170768.664,130995.683,16094.78,,141890.544,,91866.658
2025-12-27,636074.353,173214.123,70662.244,2032.784,170711.95,115813.601,4194.176,,101358.609,,72695.028
2025-12-28,599586.469,158094.972,58842.206,440.464,170675.468,100941.907,12324.778,,110117.398,,59282.67
2025-12-29,670639.3779999999,21451.018,98441.867,4597.914,170744.075,128817.497,13023.407,,179044.916,,103039.781
2025-12-30,681092.531,140775.088,101851.42,2616.883,170763.535,123395.499,8926.516,,137274.81,,104468.303
2025-12-31,640786.698,84860.984,94310.29,1649.457,170792.867,100239.489,8227.049,,151268.275,,95959.74699999999
2026-01-01,574414.5700000001,98519.15,40070.3,131.73,170762.7,70272.84,11090.93,,128710.61,,40202.030000000006
2026-01-02,672750.8099999999,129936.31,40541.95,0.13,170757.99,100435.81,13998.34,,120792.05,,40542.079999999994
2026-01-03,653998.36,141034.03,35889.08,0.14,170767.67,95437.41,8371.83,,121352.9,,35889.22
2026-01-04,639594.96,356749.34,42186.0,133.23,170767.4,52503.78,10866.23,,85364.59,,42319.23
2026-01-05,700751.5099999999,278415.1,73515.59,356.56,170750.41,80783.46,16502.17,,104533.07,,73872.15
2026-01-06,639231.35,289329.96,112623.16,4583.6,170679.91,61987.96,16939.58,,96108.1,,117206.76000000001
2026-01-07,803132.8699999999,272454.09,89915.8,1302.7,170667.8,108779.28,16574.71,,160921.63,,91218.5
2026-01-08,819609.21,368582.14,68703.57,1322.58,170599.99,99824.4,10414.21,,134206.64,,70026.15000000001
2026-01-09,792917.0,453836.32,75377.81,492.49,170519.15,57696.75,14379.5,,98528.34,,75870.3
2026-01-10,688551.67,291929.81,114839.59,2969.35,170762.41,69199.53,14888.97,,97244.04,,117808.94
2026-01-11,651794.63,225688.29,116746.43,3337.07,170744.02,76727.0,9827.61,,88769.41,,120083.5
2026-01-12,775050.76,211164.98,106844.81,3116.66,170709.03,94638.7,12227.85,,127971.77,,109961.47
2026-01-13,799971.1799999999,263914.29,56634.5,316.63,180359.38,119453.58,10205.5,,134720.09,,56951.13
2026-01-14,778058.73,82735.62,77872.75,437.64,170735.59,140698.36,13268.18,,207599.42,,78310.39
2026-01-15,790325.6599999999,213926.76,69907.8,674.86,170744.66,111588.57,5308.28,,133615.61,,70582.66
2026-01-16,779162.5900000001,112592.88,67541.86,138.69,164709.2,130860.06,7707.97,,216245.75,,67680.55
2026-01-17,696643.2799999999,59133.74,69607.81,964.06,157626.23,129455.77,5924.18,,183975.1,,70571.87
2026-01-18,654804.7999999999,56310.52,107872.76,2840.53,157937.87,114505.12,6861.31,,137889.38,,110713.29
2026-01-19,782023.79,149891.3,109493.49,4126.28,161236.69,130049.14,9971.45,,184952.89,,113619.77
2026-01-20,803795.9400000001,255766.09,114215.96,3170.86,167395.29,127007.69,9594.76,,139265.79,,117386.82
2026-01-21,810948.67,357968.72,38613.69,251.56,170590.37,115956.15,15142.51,,86035.86,,38865.25
2026-01-22,785846.24,395730.61,70463.21,718.86,170563.22,100181.6,15102.52,,74068.56,,71182.07
2026-01-23,774853.5599999999,344622.75,85475.24,1000.77,170769.69,105447.72,24974.39,,90254.32,,86476.01000000001
2026-01-24,710714.37,364696.4,79723.71,843.97,170884.54,93099.56,27207.4,,62444.19,,80567.68000000001
2026-01-25,658589.01,386113.37,55731.27,34.24,170860.73,73518.35,15904.91,,56529.74,,55765.509999999995
2026-01-26,782047.7200000001,372843.73,40743.28,147.0,170804.05,103655.49,26343.08,,68746.99,,40890.28
2026-01-27,794319.8099999999,370263.21,55904.8,1.94,170667.27,117612.89,19702.59,,62206.05,,55906.740000000005
2026-01-28,793863.85,289237.15,54196.23,92.47,170913.93,131342.83,23945.18,,126973.92,,54288.700000000004
2026-01-29,781534.3099999999,369384.81,37419.75,130.57,170835.25,126292.01,17254.62,,63639.41,,37550.32
2026-01-30,757252.21,352674.4,56599.51,354.45,170901.45,129450.46,13721.8,,55749.6,,56953.96
2026-01-31,661640.01,255697.57,68257.94,1188.9,161531.32,141263.32,8366.19,,62382.88,,69446.84
2026-02-01,636806.4,179253.64,48222.67,137.27,161531.18,147570.42,29472.0,,75754.56,,48359.939999999995
2026-02-02,767391.62,319310.25,53246.79,146.19,161543.28,158292.54,21895.21,,72987.89,,53392.98
2026-02-03,775967.49,231818.7,71629.2,293.01,170781.5,181903.68,24902.35,,103982.08,,71922.20999999999
2026-02-04,789288.96,336121.63,36237.6,144.08,170934.42,180375.02,13638.61,,77802.65,,36381.68
2026-02-05,766298.23,309763.36,58408.79,190.75,165619.83,185647.3,10726.27,,72974.01,,58599.54
2026-02-06,744606.95,291258.58,69691.19,418.93,152979.55,186127.29,12313.25,,68098.03,,70110.12
2026-02-07,673671.2999999999,253699.46,42754.36,184.12,152796.35,195811.88,18334.36,,53937.66,,42938.48
2026-02-08,623871.0099999999,202285.43,60751.54,776.43,146018.82,190006.77,16220.8,,60578.25,,61527.97
2026-02-09,742366.5599999999,285716.21,56366.1,998.53,138666.75,186086.5,16443.59,,76845.26,,57364.63
2026-02-10,749725.2799999999,361059.97,42804.26,723.15,138584.5,163834.59,8452.57,,62272.51,,43527.41
2026-02-11,734877.3099999999,343062.8,39968.08,286.45,138226.7,144335.17,19503.07,,66588.54,,40254.53
2026-02-12,702580.52,303820.07,80122.57,2252.58,138566.12,138863.91,9071.64,,66049.67,,82375.15000000001
2026-02-13,734652.87,337035.96,64855.16,197.94,138559.26,140914.81,13846.43,,60122.18,,65053.100000000006
2026-02-14,637214.04,259862.0,88341.31,4613.05,138672.99,125813.89,11594.8,,69272.43,,92954.36
2026-02-15,606041.75,259732.55,80228.21,4863.78,138542.49,111779.51,8906.32,,72096.09,,85091.99
2026-02-16,714653.26,342634.73,75864.01,1507.91,138548.61,119864.09,11225.77,,77676.48,,77371.92
2026-02-17,704557.02,252682.67,102410.56,3126.54,138658.14,157267.77,16530.76,,88499.17,,105537.09999999999
2026-02-18,718955.05,299721.41,91605.1,1053.3,132682.69,152515.24,22615.45,,74448.57,,92658.40000000001
2026-02-19,711559.15,279233.53,112456.17,8430.08,130708.85,141236.89,18199.77,,83862.59,,120886.25
2026-02-20,712234.84,190496.02,138488.05,12418.8,134364.86,162582.92,21211.3,,94703.56,,150906.84999999998
2026-02-21,618322.38,61297.22,133999.74,13736.29,138405.44,165670.36,20188.68,,86928.6,,147736.03
2026-02-22,576600.04,36539.21,124657.23,14294.36,138645.83,150025.97,19454.68,,90004.58,,138951.59
2026-02-23,676820.6799999999,32086.31,149658.49,13250.67,138734.86,165776.91,21037.95,,120576.6,,162909.16
2026-02-24,689008.51,90482.49,136862.4,11620.54,138737.17,170469.97,21567.26,,98040.15,,148482.94
2026-02-25,689298.5700000001,87280.3,127090.98,6768.6,138700.16,170338.37,15000.42,,110642.03,,133859.58
2026-02-26,679182.0099999999,77833.94,137850.04,11995.89,138536.38,154920.49,19673.36,,93053.42,,149845.93
2026-02-27,683301.88,120428.98,142031.17,7428.55,136098.26,152040.03,16911.63,,90728.75,,149459.72
2026-02-28,611987.8900000001,109411.18,139664.2,11019.54,136760.79,134696.53,19914.88,,85237.95,,150683.74000000002
2026-03-01,571169.19,113383.56,116504.48,10799.63,138639.16,140115.84,21556.71,,83119.02,,127304.11
2026-03-02,694859.53,227345.67,128420.36,5126.21,137161.03,130759.03,20143.88,,97625.86,,133546.57
2026-03-03,712396.39,209140.24,111987.71,496.28,119744.02,183151.72,19394.26,,101903.82,,112483.99
2026-03-04,720904.71,185902.31,85442.31,27.81,98393.5,208676.38,17673.68,,115220.89,,85470.12
2026-03-05,726770.99,145036.23,99145.42,734.97,98016.67,211962.2,13545.22,,116636.36,,99880.39
2026-03-06,741204.5199999999,288303.54,67606.92,318.52,98013.38,195815.28,11647.92,,89943.67,,67925.44
2026-03-07,635153.9400000001,142023.93,103151.4,324.1,98031.02,190859.08,13215.31,,98381.0,,103475.5
2026-03-08,593911.5399999999,19999.54,124299.7,4087.84,98184.09,186828.63,18201.09,,115254.09,,128387.54
2026-03-09,702996.13,56807.07,102664.56,871.44,113529.43,205186.94,15595.9,,150997.56,,103536.0
2026-03-10,726970.16,56208.47,117948.64,1943.74,122759.72,200225.41,15152.83,,147543.0,,119892.38
2026-03-11,705134.77,43089.86,175416.13,13328.21,122914.86,178268.38,16762.61,,129807.15,,188744.34
2026-03-12,682328.3400000001,73909.88,180359.65,14329.96,122998.79,165666.78,18205.71,,107562.91,,194689.61
2026-03-13,672487.83,173728.88,176639.72,16495.46,122981.16,139582.7,17296.71,,70459.07,,193135.18
2026-03-14,620814.6300000001,294261.26,89922.34,3577.77,120320.74,107589.49,11561.19,,70562.83,,93500.11
2026-03-15,561745.53,199565.42,113451.45,13687.64,120112.27,93767.23,19449.5,,72460.57,,127139.09
2026-03-16,657697.6299999999,151405.35,172864.44,19547.37,120869.17,130212.31,23737.67,,91206.38,,192411.81
2026-03-17,656037.9500000001,108160.28,169771.9,19161.76,124594.01,145000.14,23401.84,,84542.7,,188933.66
2026-03-18,664834.59,100353.93,156818.3,9049.19,137966.27,146584.4,19047.51,,74326.09,,165867.49
2026-03-19,636522.2,201334.53,140238.77,7425.0,147109.47,125387.14,14490.45,,75868.76,,147663.77
2026-03-20,663867.33,181979.28,96087.21,210.29,147177.15,163991.99,19068.4,,80451.47,,96297.5
2026-03-21,604858.7300000001,72705.57,120060.76,1016.38,147225.64,161401.29,22966.02,,71822.55,,121077.14
2026-03-22,552169.1799999999,113419.26,138272.8,8441.48,147204.06,128876.68,17303.03,,76418.77,,146714.28
2026-03-23,653189.63,178671.18,171979.2,13704.94,147137.64,124928.25,17088.31,,93274.32,,185684.14
2026-03-24,663327.19,73287.43,191560.84,15036.78,147062.41,138990.29,24267.57,,90579.92,,206597.62
2026-03-25,659054.36,177462.31,166884.09,16313.08,147009.97,113018.97,21381.9,,74028.15,,183197.16999999998
2026-03-26,660943.23,258689.25,158233.09,20364.22,146991.68,77535.05,22533.67,,68409.57,,178597.31
2026-03-27,658574.57,242273.94,161270.09,21752.75,142543.24,75666.69,23852.69,,68411.76,,183022.84
2026-03-28,585750.36,250062.14,129559.84,21089.37,122861.88,54540.11,27240.93,,64131.22,,150649.21
2026-03-29,526801.07,231819.25,109075.95,18705.09,117754.26,55010.07,13058.17,,69337.42,,127781.04
2026-03-30,648520.6000000001,237907.95,173292.25,21706.74,122884.17,75908.76,26595.08,,70303.06,,194998.99
2026-03-31,642337.3300000001,285761.02,165499.03,22310.95,122906.13,66354.45,27056.4,,64347.63,,187809.98
2026-04-01,635586.63,270053.5,165321.04,21947.95,122848.04,66150.29,25515.25,,66479.69,,187268.99000000002
2026-04-02,570505.12,249549.16,144118.77,19556.43,122917.44,57744.29,31277.06,,64743.67,,163675.19999999998
2026-04-03,514059.46000000014,160738.74,151275.27,19785.61,122919.09,68116.61,34267.1,,73317.38,,171060.88
2026-04-04,513434.36,80863.38,154464.09,21804.33,122897.35,69616.78,25743.52,,74432.46,,176268.41999999998
2026-04-05,493511.35000000003,60030.66,140650.56,21490.0,122866.28,70874.02,27746.62,,72726.06,,162140.56
2026-04-06,537488.0199999999,142859.3,132699.3,16392.66,122890.92,65677.79,25869.16,,67235.04,,149091.96
2026-04-07,622138.79,186618.87,124999.53,1788.08,121930.22,95792.18,26046.56,,79673.56,,126787.61
2026-04-08,645669.02,92764.31,149087.64,2038.18,122591.63,123476.47,23445.37,,95883.87,,151125.82
2026-04-09,637371.66,98755.51,181188.61,5144.77,122882.98,115515.05,17711.77,,85708.53,,186333.37999999998
2026-04-10,630969.79,124066.5,192990.71,3728.13,122922.31,99610.57,18251.92,,81813.07,,196718.84
2026-04-11,573693.4,161633.82,111986.29,903.92,113643.03,74230.07,20765.71,,67209.07,,112890.20999999999
2026-04-12,540875.17,230510.68,115265.49,7831.45,117274.89,53499.61,18019.75,,68865.37,,123096.94
2026-04-13,625581.91,277245.17,165265.88,9470.54,116933.44,63253.02,19352.97,,73495.75,,174736.42
2026-04-14,637041.46,201284.67,182695.5,16175.1,118998.5,84432.8,22817.37,,82310.93,,198870.6
2026-04-15,629011.4199999999,120762.57,204652.91,21288.0,121236.95,98975.13,26745.54,,91895.63,,225940.91
2026-04-16,627728.65,48369.06,215642.71,19436.97,121144.03,104790.9,26375.84,,106975.2,,235079.68
2026-04-17,629183.9600000001,43738.64,217489.05,17445.92,121193.64,115014.55,24583.07,,113519.95,,234934.96999999997
2026-04-18,556666.9299999999,89870.55,178097.58,19393.07,122434.9,77488.53,20345.4,,72555.03,,197490.65
2026-04-19,515437.98999999993,82488.24,162657.29,18911.57,138808.89,57703.08,17690.21,,72320.8,,181568.86000000002
2026-04-20,613601.8200000001,54133.08,198881.19,15343.61,144095.54,86979.22,26174.24,,86830.46,,214224.8
2026-04-21,630709.1000000001,121520.55,144190.5,2925.9,144358.76,79957.88,23332.44,,74384.71,,147116.4
2026-04-22,625099.1,104978.8,189538.49,10989.82,144461.94,81740.2,23633.16,,70026.92,,200528.31
2026-04-23,615601.46,144447.62,167283.06,5192.76,144375.1,81699.23,23462.56,,56315.45,,172475.82
2026-04-24,623131.54,70379.65,165092.21,2493.96,144447.58,97015.95,26216.98,,72997.02,,167586.16999999998
2026-04-25,551879.32,69690.39,153210.39,5032.82,144443.81,78077.73,21897.7,,59064.19,,158243.21000000002
2026-04-26,509441.88999999996,68801.46,145785.95,18686.39,144432.92,58242.69,19231.49,,70447.5,,164472.34000000003
2026-04-27,609742.67,123000.93,190781.86,20403.41,144527.44,69152.86,27185.52,,63951.14,,211185.27
2026-04-28,625965.45,131299.36,168233.92,7455.9,144768.43,74224.49,24035.89,,66418.07,,175689.82
2026-04-29,639954.78,133290.73,136392.9,2159.21,140269.72,97054.21,23911.01,,88668.81,,138552.11
2026-04-30,620446.7100000001,48593.73,204825.53,11910.75,132314.22,98557.52,23283.35,,98069.41,,216736.28
2026-05-01,519606.92,68320.42,153917.37,15675.89,121214.45,77506.37,22407.4,,82731.57,,169593.26
2026-05-02,533313.46,141597.0,122210.15,3182.04,120820.22,65245.08,21962.11,,68107.39,,125392.18999999999
2026-05-03,515047.3300000001,72593.13,145070.83,5663.36,120844.61,70758.83,24140.26,,83581.58,,150734.18999999997
2026-05-04,611398.87,82352.27,169413.36,12650.99,120902.81,115737.43,21275.47,,103406.79,,182064.34999999998
2026-05-05,624685.76,88880.79,202815.39,18553.05,120892.11,103482.37,20429.03,,96029.31,,221368.44
2026-05-06,624494.6699999999,62164.11,225443.12,19362.8,120751.11,105413.84,20013.17,,94944.02,,244805.91999999998
2026-05-07,631197.98,87624.83,184239.12,13279.38,120824.22,118463.48,18099.23,,104092.96,,197518.5
2026-05-08,637236.94,109527.84,180355.83,8683.94,114354.06,104313.26,22085.6,,83479.36,,189039.77
2026-05-09,576441.87,173692.46,126223.39,2180.28,96713.3,66698.26,19931.9,,53345.78,,128403.67
2026-05-10,525940.0299999999,152718.93,136978.62,2460.61,94866.65,58569.95,23350.83,,58507.58,,139439.22999999998
2026-05-11,615456.34,101569.98,206548.91,9457.17,96634.88,90229.74,22398.29,,81080.65,,216006.08000000002
2026-05-12,639037.77,115968.35,190933.65,11160.95,96582.83,107454.14,24200.08,,88045.68,,202094.6
2026-05-13,638290.6200000001,157491.45,201911.02,15116.95,96635.32,82422.78,22824.5,,76855.11,,217027.97
2026-05-14,633651.9,168092.88,204389.79,18871.5,99248.56,78523.08,25239.35,,67122.5,,223261.29
2026-05-15,634727.3200000001,237484.56,169417.72,16017.28,107023.45,73298.9,14925.63,,70131.95,,185435.0
2026-05-16,553494.5700000001,113125.57,209556.84,21594.74,110415.04,81370.62,27062.97,,68011.47,,231151.58
2026-05-17,519556.03,64126.6,181333.42,15509.9,121167.62,81721.86,21605.62,,71291.96,,196843.32
2026-05-18,613780.77,84683.42,199157.67,16124.92,134021.88,96810.22,20147.53,,91981.94,,215282.59000000003
2026-05-19,627802.92,103316.03,207918.58,23733.5,141735.21,89061.76,21400.47,,76413.63,,231652.08
2026-05-20,633623.69,61232.0,228759.05,23939.22,145469.06,91761.1,24924.63,,85799.5,,252698.27
2026-05-21,638016.48,92967.64,220178.15,22303.22,145286.36,85640.77,25708.48,,86882.55,,242481.37
2026-05-22,639210.09,103387.04,218484.05,21482.12,145365.1,88896.87,26306.0,,87044.14,,239966.16999999998
2026-05-23,572025.8099999999,111119.03,196601.45,21215.93,145344.75,70790.49,22774.29,,53215.78,,217817.38
2026-05-24,534408.49,120557.79,168172.14,14980.43,145379.9,53492.18,22194.01,,56739.26,,183152.57
2026-05-25,639170.0599999999,134800.02,212453.31,17803.48,145305.51,67522.0,29845.31,,67065.82,,230256.79
2026-05-26,665568.1799999999,107170.03,246102.93,20860.64,125006.8,85607.09,25590.75,,97683.53,,266963.57
2026-05-27,676985.56,75023.2,240573.23,23113.48,121271.31,90260.94,24593.42,,110878.46,,263686.71
2026-05-28,688715.9900000001,67575.18,256570.12,26122.27,121199.9,89202.95,20189.98,,107535.96,,282692.39
2026-05-29,690959.0599999999,57877.24,265657.89,26135.95,121103.25,102854.22,21770.65,,121123.37,,291793.84
2026-05-30,616865.9899999999,68565.62,234867.89,24696.21,121030.64,80741.27,21986.86,,91181.89,,259564.1
2026-05-31,577000.58,109312.0,218473.51,23061.36,121155.09,55511.14,18165.4,,76707.9,,241534.87
2026-06-01,687197.57,91992.7,253508.54,21846.44,121065.35,75526.17,26913.68,,100582.22,,275354.98
2026-06-02,711876.74,159987.03,226235.13,18434.55,121082.87,71031.17,22292.28,,83015.77,,244669.68
2026-06-03,689895.94,129658.49,244664.23,21824.02,121251.78,71888.2,22085.9,,84973.75,,266488.25
2026-06-04,694638.29,163076.38,211902.87,24542.24,121320.21,64943.3,21033.69,,72887.36,,236445.11
2026-06-05,667990.25,131942.07,220909.42,23309.93,108519.79,68725.61,22448.92,,102880.24,,244219.35
2026-06-06,595632.54,85224.83,229576.7,17129.14,96789.17,68968.94,19727.82,,73121.55,,246705.84000000003
2026-06-07,558251.03,109512.09,186920.66,22003.55,106741.8,54554.03,18213.82,,67994.33,,208924.21
2026-06-08,672387.19,105011.44,244246.61,24141.69,119780.17,65962.78,21959.15,,77068.46,,268388.3
2026-06-09,692400.5199999999,179326.82,229233.43,24942.77,123134.56,55587.22,20134.97,,63216.07,,254176.19999999998
2026-06-10,689334.5700000001,196556.88,212558.47,23796.87,137678.8,53096.03,13303.77,,64589.45,,236355.34
2026-06-11,686380.61,197934.6,220233.21,21752.68,144866.29,52905.81,15750.41,,60084.69,,241985.88999999998
2026-06-12,686247.52,177716.48,239787.5,19934.19,146738.81,52544.21,21683.21,,59915.98,,259721.69
2026-06-13,616539.23,105215.84,214529.07,22891.14,150961.52,56912.33,31982.92,,57246.29,,237420.21000000002
2026-06-14,580420.17,69306.27,195815.04,23320.68,159415.25,58120.2,27768.23,,64847.89,,219135.72
2026-06-15,694531.3,59169.54,246058.54,17559.0,167419.81,83453.82,25746.76,,108499.57,,263617.54000000004
2026-06-16,719230.94,41158.31,249458.58,21483.23,167805.3,90700.15,20526.3,,153068.16,,270941.81
2026-06-17,733916.4199999999,83787.5,247234.75,22144.77,167504.98,85745.35,16313.22,,145496.78,,269379.52
2026-06-18,739727.24,110678.62,254687.21,22203.39,167830.42,75628.5,15393.31,,141667.1,,276890.6
2026-06-19,740298.26,112572.58,253764.95,18177.37,167711.85,80904.01,20198.11,,143280.76,,271942.32
2026-06-20,670204.37,141179.59,229129.41,17486.89,167090.98,57705.56,24803.1,,95184.59,,246616.3
2026-06-21,642887.5700000001,159634.34,225848.57,18886.6,167012.36,51821.0,21426.74,,89026.37,,244735.17
2026-06-22,770261.55,140943.3,238146.72,13673.42,166867.48,82957.17,20340.77,,158057.95,,251820.14
2026-06-23,784450.9199999999,111284.22,246830.85,8715.3,167040.51,98420.23,16035.04,,179250.18,,255546.15
2026-06-24,743151.6900000001,116426.3,240166.4,14756.17,167545.4,91760.04,21569.37,,165189.23,,254922.57
2026-06-25,770649.64,156086.16,233949.86,18121.05,167664.24,79020.86,24342.83,,158598.26,,252070.90999999997
2026-06-26,755721.28,99887.34,266029.74,22575.83,167697.29,81489.17,19978.7,,157213.16,,288605.57
2026-06-27,678013.1,91929.38,246757.57,27148.33,167528.03,67893.43,22969.88,,142556.52,,273905.9
2026-06-28,638720.22,103798.13,205590.02,22259.48,167226.75,55827.65,20684.87,,104750.09,,227849.5
2026-06-29,750310.88,180241.9,242894.11,23643.9,167495.66,71229.02,18893.4,,113374.17,,266538.01
2026-06-30,787420.5900000001,134497.91,256668.37,23523.62,166776.45,82795.76,18017.24,,145984.0,,280191.99
2026-07-01,755220.7,235457.0,233677.53,21749.87,166388.8,62584.7,10627.7,,101702.3,,255427.4
2026-07-02,739371.5,252490.9,223171.86,23445.04,166213.5,47442.8,9206.2,,93953.5,,246616.9
2026-07-03,739187.6000000001,231323.7,249146.64,21790.26,166706.6,51673.4,14225.5,,90386.3,,270936.9
2026-07-04,666069.7000000001,165156.0,235146.28,23529.42,166980.7,51602.5,17336.6,,80161.7,,258675.7
2026-07-05,646727.2000000001,101768.2,249521.16,22881.94,166453.4,56906.7,20273.6,,75476.7,,272403.1
2026-07-06,786161.1,68529.4,268649.83,21037.87,166619.3,88577.0,20573.9,,153836.3,,289687.7
2026-07-07,799017.5,74011.9,247216.83,21889.67,166447.9,87331.2,17436.7,,158965.9,,269106.5
2026-07-08,812595.2999999999,55825.7,276915.98,23869.72,166324.7,81835.7,19953.1,,185164.3,,300785.69999999995
2026-07-09,806187.5,66594.4,274829.89,23893.11,166958.7,87687.8,12069.8,,192627.3,,298723.0
2026-07-10,784121.1,85606.9,260410.25,23747.95,166207.7,76098.9,14875.1,,175504.4,,284158.2
2026-07-11,678835.6,103075.6,245772.56,22417.54,158325.6,59625.5,11132.5,,130317.7,,268190.1
2026-07-12,621048.3,131496.3,203469.92,20396.38,141762.1,51598.1,9712.7,,99793.6,,223866.30000000002
2026-07-13,752186.5,68029.2,251704.69,22843.31,142377.3,84542.7,14407.3,,179609.0,,274548.0
2026-07-14,790783.7,67687.8,255402.74,25807.86,141802.3,78265.0,14234.1,,229515.8,,281210.6
2026-07-15,807511.6,70718.8,212425.08,20733.32,141791.2,97595.1,11665.9,,239226.6,,233158.4
2026-07-16,802062.3999999999,111765.0,227317.43,22096.37,141269.2,92699.6,6465.2,,204724.2,,249413.8
2026-07-17,787218.3,97944.7,243366.86,24353.94,143971.3,77990.7,10955.7,,188716.2,,267720.8
2026-07-18,691301.6,125510.6,241120.54,20225.26,163931.8,56133.8,11263.3,,119005.7,,261345.80000000002
2026-07-19,649215.4,106222.6,235463.65,19450.95,166153.6,56536.8,8750.4,,91307.7,,254914.6
2026-07-20,775216.7999999999,126494.7,261043.16,20012.54,162567.0,67744.0,14592.2,,143173.8,,281055.7
2026-07-21,795841.2999999999,144343.8,250526.65,18240.95,142223.0,71877.8,15451.1,,160091.7,,268767.6
2026-07-22,802635.3,93709.2,240654.42,17331.18,142185.7,86483.7,12353.1,,203642.7,,257985.6
2026-07-23,807235.3,87899.4,267264.2,18995.5,152073.5,90539.2,9843.4,,187788.9,,286259.7
