delivery_date,demand_mwh,wind_mwh,solar_pv_mwh,solar_thermal_mwh,nuclear_mwh,hydro_mwh,pumped_storage_mwh,pumped_consumption_mwh,combined_cycle_mwh,net_imports_mwh,solar_mwh
2026-08-09,657517.49,117108.99,245135.31,19429.44,142811.05,39613.72,19924.81,,136201.08,,264564.75
2026-08-10,729880.07,109960.44,252795.53,19484.71,143086.84,49273.89,16141.08,,161738.52,,272280.24
2026-08-11,732061.4,53571.7,276333.14,21864.5,142919.61,53922.18,22905.27,,194905.73,,298197.64
2026-08-12,747809.22,58786.66,268962.09,21685.54,142712.39,59874.59,20494.12,,214172.17,,290647.63
2026-08-13,767573.7,71544.89,266712.3,18158.46,142880.96,64663.38,20114.59,,213666.51,,284870.76
2026-08-14,757990.49,99752.64,236635.73,19300.79,143035.37,67696.45,14481.68,,206405.57,,255936.52000000002
2026-08-15,662181.96,126822.19,188464.9,13836.29,143450.11,52821.0,15817.63,,138588.82,,202301.19
2026-08-16,620400.83,79524.61,228602.33,15469.65,143314.21,50392.08,17048.93,,130007.75,,244071.97999999998
2026-08-17,727922.45,95801.49,259539.42,15861.46,150182.1,65678.91,17501.15,,171555.64,,275400.88
2026-08-18,750292.18,92743.47,270146.72,19296.97,164618.5,51733.68,17317.6,,181756.89,,289443.68999999994
2026-08-19,756942.63,114765.34,256979.61,20430.79,166536.93,48878.33,19967.15,,181528.15,,277410.39999999997
2026-08-20,733802.49,131701.77,201814.0,11319.44,166900.09,62674.13,15167.19,,166395.44,,213133.44
2026-08-21,680827.52,127354.01,237330.88,16569.02,167731.94,45553.2,15530.36,,120704.52,,253899.9
2026-08-22,617840.69,126647.24,197952.61,23178.85,167366.54,41133.99,20955.41,,91721.65,,221131.46
2026-08-23,592296.99,112829.0,187374.87,24150.51,166944.77,38280.78,21485.8,,84949.12,,211525.38
2026-08-24,691548.0,198427.15,184028.97,10962.81,167028.58,39056.47,15744.38,,96292.56,,194991.78
2026-08-25,688445.43,119839.4,227690.86,13353.85,167310.04,50678.09,17452.62,,122770.35,,241044.71
2026-08-26,707269.2,154611.9,186870.09,14460.69,167183.33,47755.55,20491.12,,146593.19,,201330.78
2026-08-27,704161.79,194530.27,174915.56,6239.92,167233.55,43487.18,18823.17,,119414.46,,181155.48
2026-08-28,660018.81,160147.92,207066.15,19336.31,167911.7,38883.2,18745.47,,103481.34,,226402.46
2026-08-29,584034.18,71201.94,201515.85,23399.41,167951.56,37115.12,20851.06,,86309.74,,224915.26
2026-08-30,560290.99,68822.8,193978.14,24782.49,167663.69,35728.96,19903.49,,88652.24,,218760.63
2026-08-31,678762.97,114482.98,240157.26,23072.2,167412.25,36511.4,18842.84,,100218.63,,263229.46
2026-09-01,727500.93,104575.5,224621.95,17938.92,167078.38,60749.92,13096.27,,138357.62,,242560.87
2026-09-02,746234.79,54445.94,241937.51,18385.59,166903.26,68775.68,14282.31,,186656.76,,260323.1
2026-09-03,771136.1,63257.77,261480.41,18913.26,163772.06,66639.38,16083.56,,185036.45,,280393.67
2026-09-04,782175.41,45065.14,233997.31,10237.95,151150.0,74568.58,17169.37,,225415.81,,244235.26
2026-09-05,704219.72,112325.89,168900.17,4272.52,136108.76,62479.05,10448.53,,181849.4,,173172.69
2026-09-06,654229.08,71764.19,198697.93,12736.69,134211.79,45676.19,17022.61,,164826.44,,211434.62
2026-09-07,769153.84,54086.37,238143.45,14792.38,152217.15,69816.95,11521.79,,206043.92,,252935.83000000002
2026-09-08,777792.42,133831.97,220132.2,16398.1,157179.29,55129.55,13385.33,,178909.32,,236530.30000000002
2026-09-09,748378.52,250659.33,207531.59,15793.15,163363.69,36255.79,16862.88,,126989.16,,223324.74
2026-09-10,696536.31,94790.35,231448.16,20240.29,167045.99,53316.36,15972.02,,129273.29,,251688.45
2026-09-11,669172.86,106427.04,219010.37,21549.24,167531.37,60516.44,14742.39,,132444.75,,240559.61
2026-09-12,610769.54,131644.34,203192.49,20717.95,167408.94,38023.26,19462.35,,96397.06,,223910.44
2026-09-13,581167.22,80717.34,209751.74,20761.92,167327.74,42023.15,17885.17,,105084.0,,230513.65999999997
2026-09-14,701488.48,46719.39,237792.19,20722.27,166954.68,66079.52,15875.67,,175132.62,,258514.46
2026-09-15,722609.88,83732.41,243805.84,20697.54,166781.05,56774.31,15958.73,,172923.22,,264503.38
2026-09-16,718512.57,277752.97,183326.11,18602.13,167009.05,38119.64,11527.83,,95215.78,,201928.24
2026-09-17,686376.42,172343.0,197043.17,14215.87,167456.7,46729.03,16166.38,,101766.3,,211259.04
2026-09-18,677586.07,146375.44,215173.46,15933.25,167296.49,48438.81,16611.08,,118736.81,,231106.71
2026-09-19,595378.67,90868.41,199828.02,16984.77,167491.77,38254.51,18482.13,,91507.87,,216812.78999999998
2026-09-20,561075.26,82631.05,188665.62,18582.83,167328.8,37049.5,22291.99,,89889.98,,207248.45
2026-09-21,671079.61,108606.97,224812.47,19881.13,167472.9,50631.18,19265.51,,120503.01,,244693.6
2026-09-22,681534.6,111683.23,216432.62,18856.54,167554.21,56163.56,17736.73,,133626.78,,235289.16
2026-09-23,690632.69,68304.64,227738.03,19467.34,167533.77,55071.13,19003.07,,159798.5,,247205.37
2026-09-24,692372.4,54334.61,218851.62,19276.77,167384.13,58508.83,23697.95,,174187.18,,238128.38999999998
2026-09-25,696101.56,65722.74,228411.27,18302.76,167251.85,51932.38,15481.89,,176749.85,,246714.03
2026-09-26,613461.48,114682.67,203813.89,14021.24,167277.29,47754.68,22320.65,,118788.46,,217835.13
2026-09-27,573441.39,125040.36,153107.12,7474.91,167162.3,43126.09,18769.29,,107985.22,,160582.03
2026-09-28,679253.87,128168.89,116638.09,1019.26,167214.35,73890.76,12407.95,,193633.75,,117657.34999999999
2026-09-29,690380.03,194421.28,152962.22,7120.6,167244.37,52090.52,13442.18,,131453.64,,160082.82
2026-09-30,702439.9,175024.06,123350.15,2947.1,167213.41,62687.48,9961.52,,176772.54,,126297.25
2026-10-01,670458.4,129859.5,166922.8,9104.5,165997.8,66579.2,5459.0,,158949.5,,176027.3
2026-10-02,670580.4,145910.5,137050.68,9886.12,166188.3,72802.3,15504.3,,153607.6,,146936.8
2026-10-03,583385.5,121554.0,118080.7,3167.6,166253.2,64568.1,8168.2,,118268.1,,121248.3
2026-10-04,544195.5,81522.2,125877.89,1810.01,166517.8,62840.1,8857.9,,107537.5,,127687.9
2026-10-05,649565.9,63318.6,148216.34,1719.46,166538.1,71836.6,15341.3,,144662.4,,149935.8
2026-10-06,665168.6,90507.3,105208.11,2036.09,165870.3,73996.3,12992.9,,205462.5,,107244.2
2026-10-07,646606.3,128136.6,161929.83,6736.87,140950.6,59571.0,11225.1,,160857.9,,168666.69999999998
