delivery_date,wx_demand_temperature_mean,wx_demand_temperature_max,wx_demand_temperature_min,wx_demand_cloud_mean,wx_demand_precipitation_sum,wx_demand_shortwave_sum,wx_demand_dni_sum,wx_demand_wind_mean,wx_demand_wind_max,wx_demand_wind_cubed_mean,wx_hydro_temperature_mean,wx_hydro_temperature_max,wx_hydro_temperature_min,wx_hydro_cloud_mean,wx_hydro_precipitation_sum,wx_hydro_shortwave_sum,wx_hydro_dni_sum,wx_hydro_wind_mean,wx_hydro_wind_max,wx_hydro_wind_cubed_mean,wx_solar_temperature_mean,wx_solar_temperature_max,wx_solar_temperature_min,wx_solar_cloud_mean,wx_solar_precipitation_sum,wx_solar_shortwave_sum,wx_solar_dni_sum,wx_solar_wind_mean,wx_solar_wind_max,wx_solar_wind_cubed_mean,wx_wind_temperature_mean,wx_wind_temperature_max,wx_wind_temperature_min,wx_wind_cloud_mean,wx_wind_precipitation_sum,wx_wind_shortwave_sum,wx_wind_dni_sum,wx_wind_wind_mean,wx_wind_wind_max,wx_wind_wind_cubed_mean,wx_wind_site_dispersion,wx_demand_hdd,wx_demand_cdd,wx_hydro_precip_roll7,wx_hydro_precip_roll30
2026-07-06,30.705363636363636,37.454,23.630000000000003,18.959090909090907,0.0,8081.27,9308.144,3.467590909090909,6.840199999999999,82.99859271000001,27.412954545454546,35.9,18.86,23.643181818181816,0.10000000000000002,7737.475,7924.110000000001,3.080363636363636,6.8950000000000005,72.84994894545454,31.353,38.870000000000005,23.038,25.326363636363638,0.04000000000000001,8125.780000000001,9570.772,4.463245454545455,8.2184,191.61046095363636,28.59518181818182,36.303999999999995,20.152,13.41181818181818,0.0,8320.18,10070.898,4.345390909090909,7.977,273.17902480090913,3.4263926729596097,0.0,8.705363636363636,0.10000000000000002,0.10000000000000002
2026-07-07,30.005416666666665,36.654,23.606,31.388333333333335,0.12,7927.18,8879.656,3.196458333333333,6.8628,72.43590937083333,25.587916666666665,35.05,18.21,26.729166666666668,0.275,7797.410000000001,8527.69,3.5358958333333335,11.3045,239.22530487708332,31.768750000000004,40.086,22.988,20.968333333333334,0.0,8205.34,9749.296,4.686800000000001,8.848600000000001,184.019946245,27.429,35.708,20.067999999999998,41.09916666666667,0.062000000000000006,7803.168,8334.582,3.405941666666667,7.6912,125.32287992916667,2.546182404691966,0.0,8.005416666666665,0.37500000000000006,0.37500000000000006
2026-07-08,29.57241666666667,36.502,22.785999999999998,28.453333333333337,0.0,8163.31,9599.542000000001,3.507266666666667,6.6634,82.24409969666667,24.33229166666667,33.46,16.565,22.98125,0.0,8018.74,8875.875,3.1408333333333336,7.5845,87.88277319583334,31.430083333333336,40.412,21.664,27.305833333333336,0.0,8379.16,10054.858,3.839141666666667,9.032,127.91226251416668,27.03525,35.002,19.036,29.73166666666667,0.0,8171.508,9559.256,3.4454083333333334,7.0768,95.34034426583334,1.3233689493702834,0.0,7.572416666666669,0.37500000000000006,0.37500000000000006
2026-07-09,28.874583333333334,35.182,22.614,29.441666666666666,0.0,8073.9400000000005,9098.624,3.3049666666666666,6.271000000000001,75.39504879666666,24.369166666666665,33.325,15.87,25.03125,0.0,7938.055,8620.04,3.335916666666667,7.8795,107.28119847916666,30.08891666666667,37.612,22.626,22.8325,0.010000000000000002,8378.640000000001,10072.122000000001,4.900525,9.656600000000001,242.96364342249998,26.466749999999998,34.244,18.658,27.05,0.12,8218.932,9530.922,3.0822416666666665,6.062,55.82440615916667,0.7055812057892152,0.0,6.874583333333334,0.37500000000000006,0.37500000000000006
2026-07-10,27.740333333333332,32.418,23.43,53.221666666666664,0.112,7259.26,7220.3240000000005,4.329575,8.803,179.18268528250002,23.80041666666667,31.83,17.105,63.71041666666667,0.09000000000000001,7229.31,6818.87,4.1263125,9.638000000000002,161.53910194375,27.775916666666667,34.912,20.622,21.914166666666667,0.0,8171.26,9525.186,4.445258333333333,8.757200000000001,164.67623921083333,25.604583333333334,31.714,20.222,60.45833333333333,0.082,7411.512,7557.182,4.030366666666667,8.4404,168.28092971166666,1.8232702926843252,0.0,5.740333333333332,0.4650000000000001,0.4650000000000001
2026-07-11,27.469916666666666,33.122,21.846,37.39,0.0,7888.400000000001,8609.126,4.761441666666666,8.4746,164.39783267916667,24.289375,33.315000000000005,15.820000000000002,42.012499999999996,0.675,7686.5,7932.52,3.2889791666666666,7.825,96.41080814791667,26.86141666666667,33.998000000000005,20.164,43.5925,0.0,7784.72,7975.908,4.153183333333334,7.8832,131.17745974833335,26.1195,34.314,18.736,37.2675,0.16000000000000003,7869.664,8700.807999999999,4.737958333333333,8.0942,209.2648702908333,1.682806635147454,0.0,5.469916666666666,1.1400000000000001,1.1400000000000001
2026-07-12,27.3185,31.984,22.896,69.01666666666668,0.5700000000000001,6462.1,5312.904,5.354241666666667,9.4828,271.55120053916664,23.592083333333335,30.12,17.68,42.22708333333334,1.6150000000000002,7083.58,7559.265,4.636625,9.375,218.6212704375,26.377000000000002,31.954,20.66,68.27916666666667,0.0,7066.540000000001,6581.39,4.559416666666667,8.4068,188.65314761166667,25.135416666666668,30.234,20.182,63.295833333333334,0.28600000000000003,7193.168,7032.264,6.0450083333333335,10.4794,378.22884160083333,1.6736391168703362,0.0,5.3185,2.7550000000000003,2.7550000000000003
2026-07-13,27.049666666666667,31.794000000000004,22.592,42.720000000000006,0.010000000000000002,7849.610000000001,8802.094000000001,3.569733333333333,6.0068,76.58870862833334,21.363958333333336,28.245,14.99,53.581250000000004,0.045000000000000005,7057.855,6987.8150000000005,3.7477708333333335,6.9755,99.81743100208334,27.15966666666667,33.768,20.498000000000005,24.528333333333336,0.0,8185.72,9821.324,3.420141666666667,7.5466,91.24370986916668,24.083833333333335,29.772,18.38,47.17916666666667,0.08000000000000002,7525.036,8101.734,3.7243416666666667,7.2874,93.05503406416666,0.6578040945842855,0.0,5.049666666666667,2.7,2.8000000000000003
2026-07-14,27.606416666666668,33.410000000000004,21.94,39.71083333333333,0.048,7734.79,8389.588,3.657725,6.3654,95.5246542425,22.375,30.36,15.585,70.35833333333333,0.27999999999999997,6770.365,5846.195000000001,3.041916666666667,7.161,71.92966805416667,28.17366666666667,35.492000000000004,20.608,26.145000000000003,0.0,7961.620000000001,9123.722000000002,3.7550416666666666,7.625400000000001,110.99491175916668,25.050333333333334,32.692,17.785999999999998,36.19583333333334,0.072,7596.332,8408.552,3.4352083333333336,6.9155999999999995,84.40503746083333,0.8565508899553682,0.0,5.606416666666668,2.705,3.08
2026-07-15,28.684,35.104,23.06,46.76083333333334,0.0,7111.889999999999,7339.366000000001,3.544191666666667,6.5772,74.03098853916667,22.947708333333335,30.68,17.520000000000003,61.18958333333334,0.0,7291.415,6843.6050000000005,3.720854166666667,7.477500000000001,107.87352078541666,29.17875,36.926,21.572000000000003,42.94583333333333,0.028000000000000004,7458.700000000001,7869.1900000000005,3.7154333333333334,6.9096,93.27430166333335,25.814,32.842,19.48,57.93,0.020000000000000004,7483.184,7719.988,3.134925,6.01,63.041690537499996,0.8664346911764752,0.0,6.684000000000001,2.705,3.08
2026-07-16,28.004416666666668,33.004000000000005,23.224,43.284166666666664,0.35000000000000003,7324.62,7681.831999999999,4.428508333333333,7.9426000000000005,161.11021216083333,21.281458333333333,28.685000000000002,16.1,64.04375,2.415,6618.0650000000005,5779.49,3.873666666666667,7.6240000000000006,126.41183602916668,29.44666666666667,35.938,22.834,34.18083333333334,0.0,7880.08,9123.470000000001,4.409133333333334,8.1628,153.06633167333337,24.650333333333332,31.264,19.124000000000002,50.244166666666665,0.86,7430.072,7880.892,4.399533333333333,7.898000000000001,175.83112561833332,1.0703760940150375,0.0,6.004416666666668,5.12,5.495
2026-07-17,27.68166666666667,33.228,22.306,16.008333333333333,0.0,7862.56,9150.056,4.048558333333333,7.5786,148.18286077583332,20.395208333333333,27.11,14.365000000000002,39.20625,0.0,7444.295,7877.625,3.6808541666666668,9.1875,157.61021634791666,28.860166666666668,36.332,21.366000000000003,8.756666666666668,0.0,8170.74,9980.704,4.032758333333334,7.924,153.93910806583335,23.704083333333333,30.318,17.49,23.825833333333335,0.0,7782.312,9139.002,4.254583333333334,8.507,213.47121526333333,1.6352535835176782,0.0,5.681666666666668,5.03,5.495
2026-07-18,27.609750000000002,33.54,21.624,48.160000000000004,0.15000000000000002,7170.73,7640.612,3.4288166666666666,6.8646,117.98584398666668,21.209791666666668,28.325,14.615,48.672916666666666,0.0,7472.51,7768.77,4.400854166666667,8.4875,173.43852243541664,28.748,35.772000000000006,22.012,46.300000000000004,0.0,7324.9400000000005,7365.7660000000005,4.0855250000000005,7.507000000000001,170.2164965075,23.960333333333335,31.228,17.838,54.73083333333334,0.0,7400.872,7698.1,5.288566666666666,9.9058,315.23753553166665,1.5714705751360787,0.0,5.609750000000002,4.355,5.495
2026-07-19,27.972166666666666,34.006,21.928,38.36083333333333,0.0,7326.79,7737.354,3.3931666666666667,6.5386,108.64811357166667,22.268125000000005,29.715000000000003,15.559999999999999,43.545833333333334,0.18000000000000002,7729.99,8470.25,3.846541666666667,8.150500000000001,130.14431810416667,28.338500000000003,35.708000000000006,20.712000000000003,44.991666666666674,0.0,7060.02,6908.580000000001,3.5425,6.828200000000001,108.27466640000002,24.798916666666667,32.268,18.1,47.35583333333334,0.06000000000000001,7528.128,8426.028,4.618308333333333,8.9178,236.37029284583335,1.6037247587575156,0.0,5.972166666666666,2.92,5.675
2026-07-20,28.279583333333335,33.922,22.492,31.273333333333337,0.0,7517.8,8226.858,3.4625500000000002,6.7334,99.67211826,22.406458333333333,29.46,15.9,36.458333333333336,0.18000000000000002,7483.885,8061.43,4.064145833333334,8.195500000000001,155.82646146458333,28.944166666666668,36.38,21.858,34.597500000000004,0.0,7405.1,7779.192000000001,4.074208333333334,7.276,118.83920973083335,25.34225,32.766,18.902,40.69666666666667,0.30000000000000004,7337.052,7987.798,4.564091666666667,8.9084,211.44462367416668,1.5205374008121333,0.0,6.279583333333335,3.0549999999999997,5.855
2026-07-21,28.374416666666665,34.042,22.314,49.51166666666667,0.0,7287.47,7464.802,3.2755833333333335,6.587,113.12517452333333,22.594791666666666,30.905,15.16,31.06041666666667,0.0,7843.1900000000005,8910.76,4.2463125,9.217500000000001,184.46531973125002,29.425333333333334,36.946,22.494,61.980000000000004,0.038000000000000006,7029.820000000001,6731.642,3.2417083333333334,6.7652,105.55356582083334,25.18208333333333,32.616,18.638,42.70333333333333,0.0,7766.712,8958.726,5.598,9.647,433.047202345,2.8618559005655495,0.0,6.374416666666665,2.7749999999999995,5.855
2026-07-22,29.1075,35.144,23.258,45.875,0.0,7291.06,7618.742,3.485125,6.857,98.4812093375,23.637083333333333,33.455,15.525000000000002,43.797916666666666,0.0,7837.450000000001,8567.53,3.2593125,7.3695,95.15373309375,30.442666666666668,37.914,23.352,52.22583333333334,0.0,7341.360000000001,7628.636,3.446675,6.694000000000001,82.5347167575,26.323333333333334,34.586,19.046,42.94083333333333,0.0,7657.9439999999995,8507.804,3.75845,8.3176,136.17541482500002,1.234437327305966,0.0,7.107500000000002,2.7749999999999995,5.855
2026-07-23,29.060833333333335,35.018,23.092,16.91916666666667,0.0,7590.2300000000005,8676.394,3.7996666666666665,7.265000000000001,133.89685153666667,23.364583333333336,32.045,15.52,31.099999999999998,0.0,7913.02,8652.54,3.678729166666667,7.466,110.42859042291667,30.356,37.712,23.192,33.7625,0.0,7238.820000000001,7571.914000000001,3.5395583333333334,6.320800000000001,86.75751201583334,26.16925,33.646,19.1,25.4975,0.0,7733.124,8806.998,3.0401166666666666,5.4536,60.38415359166666,0.8190234134942981,0.0,7.060833333333335,0.3599999999999996,5.855
2026-07-24,28.209166666666665,33.08,23.08,29.5675,0.012,7683.57,8676.776,5.066658333333334,9.0694,288.3007809358333,21.284375,28.090000000000003,16.080000000000002,36.40625,1.415,6925.610000000001,6955.780000000001,4.415104166666667,7.4990000000000006,169.99660973541668,28.832250000000002,34.836,22.894000000000002,35.22416666666667,0.020000000000000004,7513.88,8156.452000000001,5.182375,8.6788,242.31924685250002,24.486833333333333,30.648,19.369999999999997,32.93083333333333,1.118,7393.236,8304.092,5.390841666666667,9.908,270.09185016916666,0.6539252429594914,0.0,6.209166666666665,1.7749999999999997,7.2700000000000005
2026-07-25,25.9785,30.195999999999998,21.644000000000002,28.943333333333335,0.16,7156.79,7859.168,6.142250000000001,9.816600000000001,408.251035695,18.29083333333333,23.095000000000002,14.100000000000001,45.23541666666667,0.13,6681.5,6414.47,5.192145833333333,8.9495,255.38357657708332,25.9125,31.228,20.316,16.9375,0.0,7839.9800000000005,9274.112000000001,6.712375000000001,9.865400000000001,437.46196909250006,20.75425,24.906,16.674,41.3625,0.08600000000000002,7063.784,7710.2339999999995,6.5746166666666666,9.6636,462.4004442616666,2.3801291641343676,0.0,3.9785000000000004,1.9049999999999998,7.4
2026-07-26,25.052,30.162,19.782,16.750833333333336,1.2500000000000002,7655.650000000001,9289.184000000001,4.868258333333333,8.2178,308.3991926708334,18.702916666666667,25.89,11.565,16.39375,0.0,7893.075000000001,9310.765000000001,4.419520833333334,8.6695,166.50106925208334,26.228333333333335,32.912000000000006,19.344,2.1908333333333334,0.0,8185.400000000001,10460.51,4.65455,7.349600000000001,294.820254665,20.252,26.608,14.354,24.479166666666668,0.0,7817.496,9509.426,5.758191666666667,8.975,418.75917326416663,3.3517774064527925,0.0,3.0519999999999996,1.7249999999999996,7.4
2026-07-27,26.749583333333334,32.58,20.892000000000003,13.248333333333335,0.06999999999999999,7607.38,9198.692,4.172091666666667,7.8294,185.4072696791667,22.151875,31.15,13.465000000000002,14.952083333333333,0.0,7846.77,9217.1,3.0913541666666666,6.5635,77.80732259791667,27.472583333333333,34.974000000000004,19.41,1.275,0.0,8130.960000000001,10369.79,4.759166666666667,7.8978,243.7692900016667,23.628333333333334,30.938,17.404,10.1525,0.0,7974.624,9988.564,6.322666666666667,10.0,579.6660575516667,3.591069840365073,0.0,4.749583333333334,1.5449999999999995,7.4
2026-07-28,28.359833333333334,35.248000000000005,21.28,9.949166666666667,0.0,7803.04,9393.524000000001,3.537075,7.143400000000001,94.90583867750001,25.275625,34.985,16.310000000000002,5.6812499999999995,0.0,7763.835,9247.79,3.15125,6.529,73.5814810125,29.267583333333334,37.414,21.134,14.890833333333335,0.0,7833.06,9477.01,4.709358333333333,8.586400000000001,230.20340696583335,26.384,34.884,18.15,6.6775,0.0,7959.916,9983.088,5.0926833333333335,8.954600000000001,455.95629560833333,4.318197336938267,0.0,6.359833333333334,1.5449999999999995,7.4
2026-07-29,28.972166666666666,35.168,23.222,6.894166666666667,0.0,7802.47,9595.758,4.011975,7.174200000000001,112.17598584249998,24.81145833333333,34.605000000000004,16.46,3.127083333333333,0.0,7867.285,9422.865,3.37525,6.8085,98.14779755,30.014750000000003,38.116,21.872,3.8033333333333337,0.0,7999.320000000001,10161.2,4.217458333333334,8.718,154.65041209583333,27.151833333333332,34.842,20.116,6.029166666666667,0.0,7932.696,9977.738,4.55445,8.237,178.78291249999998,1.4790430856043626,0.0,6.972166666666666,1.5449999999999995,7.4
2026-07-30,29.100916666666667,35.120000000000005,23.218,11.041666666666668,0.0,7642.9,9311.914,3.959375,7.516000000000001,113.4629209775,22.736875,30.735,16.02,44.025,0.0,7038.905000000001,6420.705,3.717916666666667,7.5,106.52613696666666,30.25225,38.800000000000004,21.906000000000002,1.57,0.0,7945.42,10086.184000000001,3.1923166666666667,6.9832,84.56420531666667,26.500583333333335,34.18,20.088,28.398333333333333,0.0,7384.044,8398.578,4.162266666666667,8.1882,146.95116712166666,1.562496342588312,0.0,7.1009166666666665,1.5449999999999995,7.4
2026-07-31,28.794083333333333,34.32,23.52,35.55916666666667,0.020000000000000004,7289.42,8281.722,4.2733,7.699400000000001,158.08466406499997,21.72041666666667,28.265,16.8,50.92708333333333,0.0,6995.400000000001,7278.675,4.5224166666666665,8.452,168.07031900416666,30.274333333333335,38.188,22.262,18.84916666666667,0.0,7746.120000000001,9466.58,3.371316666666667,7.599,101.13116277666668,25.057,32.242,17.834,33.3275,0.0,7499.572,8798.542,3.9338500000000005,8.2798,139.08611462000002,0.8762853026914026,0.0,6.794083333333333,0.12999999999999956,7.4
2026-08-01,28.627666666666666,34.702,22.808,36.03416666666667,0.0,7003.01,7805.715999999999,4.008566666666667,8.3306,189.17258052166665,21.857083333333332,30.325,14.325,34.1,0.0,7572.155000000001,8770.660000000002,3.2333958333333337,7.145,78.11261173958333,30.81666666666667,38.784,23.232,27.477500000000003,0.0,7646.200000000001,9059.444000000001,4.507625,9.0314,191.8100685125,25.330166666666667,33.302,18.238,23.561666666666667,0.0,7742.992,9492.498,4.447241666666667,8.575,213.57867128416666,1.4145991448960868,0.0,6.627666666666666,0.0,7.4
2026-08-02,28.40875,34.088,22.764,26.28666666666667,0.0,7591.39,9012.504,3.7396249999999998,7.2332,107.9870865925,22.36416666666667,29.970000000000002,15.41,37.614583333333336,0.0,7283.0599999999995,7697.240000000001,3.5070625,6.9315,102.11549046875001,29.27941666666667,36.504000000000005,21.746000000000002,20.738333333333333,0.0,7866.76,9792.322,4.798966666666667,8.819,212.58654358666666,25.31725,32.662,18.44,32.80166666666667,0.0,7683.856,9213.404,3.6597333333333335,6.757000000000001,84.44896316333333,0.3037126748900823,0.0,6.408750000000001,0.0,7.4
2026-08-03,27.306333333333335,31.698,23.598,67.56916666666667,0.0,5849.11,5040.956,4.390958333333334,6.9388000000000005,156.15755604083333,21.441666666666666,29.005,15.255,71.08125,2.3200000000000003,6342.26,6240.945,3.7058125000000004,7.529000000000001,116.68341033125,27.61833333333334,33.498000000000005,21.856,59.55583333333334,0.0,6196.360000000001,5451.024,4.4374666666666664,7.147200000000001,168.72768032166667,24.389083333333335,29.968,19.49,66.42916666666666,0.0,6211.34,6049.836,4.004241666666666,7.08,108.01633367916668,0.9174271624383213,0.0,5.306333333333335,2.32,9.72
2026-08-04,27.574833333333334,32.54600000000001,22.764000000000003,29.854166666666668,0.0,7418.84,8782.672,3.571825,6.897800000000001,98.14338276250001,20.775833333333335,27.205000000000002,15.855,40.0625,0.0,6143.93,6173.32,3.83225,6.699,114.59076286249999,27.751250000000002,34.394,21.064,12.731666666666667,0.0,7681.880000000001,9592.346,4.325733333333334,7.2906,137.01844535833334,24.054833333333335,29.578,19.18,36.455,0.04000000000000001,7149.947999999999,8489.972,4.346991666666667,8.3064,139.09615888416667,1.4928180069425248,0.0,5.574833333333334,2.32,9.72
2026-08-05,27.86616666666667,33.364000000000004,22.508000000000003,23.779166666666665,0.030000000000000006,6710.67,7801.164,3.5900166666666666,6.841200000000001,125.95589800166667,20.582708333333336,27.375,15.33,43.06875,0.04000000000000001,6739.44,7335.215,3.631854166666667,7.564,98.54769421041668,28.3675,35.370000000000005,21.354,8.791666666666668,0.0,7647.160000000001,9680.454,4.227216666666667,8.076,182.41132248166664,23.848750000000003,30.451999999999998,17.811999999999998,25.36916666666667,0.0,7530.676,9183.01,4.131358333333333,8.3798,206.13906630583335,1.7552940046681849,0.0,5.866166666666668,2.36,9.66
2026-08-06,28.314083333333333,33.794,22.936000000000003,33.899166666666666,0.010000000000000002,6712.79,7664.968000000001,3.2866916666666666,6.1766000000000005,102.84318760916665,21.06041666666667,28.725,14.770000000000001,34.1625,0.06,6770.255,7800.465,3.3894374999999997,6.843,91.93133776875,29.42925,36.480000000000004,22.198,17.390833333333333,0.0,7545.08,9387.978000000001,3.674316666666667,8.323400000000001,157.6650810716667,24.288,31.314,18.336,21.012500000000003,0.0,7558.308,9458.814,4.41435,8.153,202.517352615,1.870029912862358,0.0,6.314083333333333,2.42,9.445
2026-08-07,28.948166666666665,35.504000000000005,22.754,9.251666666666669,0.0,7514.35,9399.632000000001,3.897866666666667,7.379,132.61923571666665,22.427083333333332,30.93,14.695000000000002,24.68541666666667,0.0,7526.030000000001,8809.33,3.189166666666667,5.854500000000001,74.52722292916667,30.257916666666667,38.26800000000001,21.726,6.275,0.0,7736.900000000001,9970.802,3.66325,8.3068,124.971240265,25.528,33.804,18.11,11.6,0.0,7625.796,9730.198,4.232616666666667,7.812,146.05070527666666,1.1013357945728486,0.0,6.9481666666666655,2.42,9.445
2026-08-08,29.31275,35.184,23.322000000000003,17.999166666666667,0.49400000000000005,7173.450000000001,8578.086,3.6501,7.6592,113.158047645,23.212916666666665,32.04,16.545,32.10625,3.015,6835.0650000000005,7501.145,3.2405416666666667,7.3845,85.95970097916667,31.03591666666667,38.576,23.302000000000003,14.852500000000001,0.020000000000000004,7456.76,9396.492,3.793941666666667,8.4678,119.25583879916667,26.627166666666668,33.85,20.276,30.71333333333333,0.364,7078.484,8334.028,3.787125,8.4808,128.38048761250002,0.6193645236808808,0.0,7.312750000000001,5.4350000000000005,12.46
2026-08-09,28.958,34.354,23.782000000000004,29.053333333333335,0.022000000000000002,7326.280000000001,8913.254,4.089666666666666,7.2978,144.09039600166668,21.710833333333333,28.62,16.14,39.483333333333334,0.44000000000000006,6605.92,7043.6900000000005,3.722875,8.8765,125.71567785,29.819833333333335,36.604000000000006,22.792,16.2175,0.010000000000000002,7555.9800000000005,9562.038,4.008216666666667,7.705400000000001,125.57979272166668,25.348916666666668,31.646,19.762,29.6825,0.0,7037.512,8632.173999999999,4.694875,7.4216,165.4362863975,1.8033464648320416,0.0,6.957999999999998,5.875,12.81
2026-08-10,27.864833333333333,33.57,22.094,30.830833333333334,0.0,7122.08,8319.796,3.4554916666666666,6.2972,110.01944529416667,21.925625,29.85,14.585,21.00625,0.8,7428.1050000000005,9040.080000000002,3.6162083333333337,9.177,133.71821763333335,28.664333333333335,35.374,21.674,22.165833333333335,0.020000000000000004,7323.92,8897.374,3.972216666666667,8.953800000000001,165.15542227666668,24.184666666666665,31.98,17.794,23.159166666666668,0.0,7434.2880000000005,9301.416,4.064033333333334,7.7128,177.5156056933333,1.7534464475553406,0.0,5.864833333333333,4.3549999999999995,12.935
2026-08-11,28.399416666666667,34.252,22.852,22.320833333333333,0.0,7330.74,9010.546,2.669366666666667,5.9963999999999995,50.721730756666666,23.130625000000002,32.375,15.205000000000002,14.304166666666669,0.0,7418.535000000001,9072.135,3.120604166666667,8.632000000000001,101.59095434791666,28.789916666666667,36.702000000000005,20.934,7.2975,0.0,7728.14,10089.316,3.0541333333333336,6.8242,79.46811047833334,25.6455,33.208,18.656,13.825,0.0,7509.66,9738.974,2.9254,7.464799999999999,67.17059243,0.7698108421157036,0.0,6.399416666666667,4.3549999999999995,11.32
2026-08-12,29.19525,35.528,23.008000000000003,10.074166666666667,0.0,7442.610000000001,9538.42,2.6697583333333332,5.8476,54.34383340583334,24.975833333333334,34.43,16.82,7.920833333333334,0.0,7373.490000000001,9043.83,2.8262916666666666,7.272500000000001,80.96521287916667,29.82975,38.366,21.206000000000003,10.904166666666667,0.0,7484.42,9458.576000000001,2.795675,6.102400000000001,49.6565339575,27.0355,34.936,19.894,5.865833333333335,0.0,7492.848,9817.912,3.3428750000000003,7.3972,92.9156232925,1.193956233397405,0.0,7.1952500000000015,4.3149999999999995,11.275
2026-08-13,30.03216666666667,36.446,24.130000000000003,18.561666666666667,0.0,7318.15,9249.466,3.0881083333333335,6.1442,65.32563261083334,25.019375,34.67,17.425,8.96875,0.34,7139.120000000001,8671.57,2.9698333333333333,7.5575,85.16207884583334,30.708583333333333,38.992000000000004,22.76,21.53666666666667,0.0,7286.76,8989.204,3.6487,8.6432,138.29656126,27.721083333333333,35.396,21.03,23.37333333333333,0.0,7352.556,9245.106,4.1737166666666665,6.7996,173.16577950166666,2.20918338068408,0.0,8.032166666666669,4.595000000000001,11.335
2026-08-14,29.877333333333333,35.858,24.534000000000002,49.545,0.08,6711.06,7447.370000000001,3.2956333333333334,6.7784,74.60519151833333,23.321458333333332,30.93,18.065000000000005,50.84583333333333,0.8,6712.125,7252.805,4.4705208333333335,10.0125,232.5746315895833,30.753000000000004,38.408,23.138,26.605833333333333,0.010000000000000002,7164.4400000000005,8791.102,3.9178583333333337,8.7286,144.59280333583334,27.058166666666665,34.257999999999996,21.366,59.46666666666667,0.146,6614.688,7027.384,4.388133333333333,8.4162,171.76314209833333,1.5438964880265582,0.0,7.877333333333333,5.3950000000000005,12.135000000000002
2026-08-15,27.532666666666668,31.932,23.604,61.93333333333334,0.38,6215.62,6034.308,3.2923166666666663,6.2556,70.04091250666667,21.47208333333333,28.43,17.04,73.2875,0.2,6399.13,6331.3,4.950333333333333,9.445500000000001,261.21865010833335,28.65175,35.238,22.264,56.712500000000006,0.372,6537.22,6772.176,3.475366666666667,8.3314,117.49229881666668,24.09858333333333,29.343999999999998,20.052,73.6725,1.312,5964.6720000000005,5426.008,4.844108333333333,8.4842,268.4931508458333,2.5940600149401147,0.0,5.5326666666666675,2.5799999999999996,9.920000000000002
2026-08-16,27.247,32.758,22.078000000000003,42.4525,0.08,6856.700000000001,8408.457999999999,2.992475,6.0582,54.1961135225,21.540625000000002,29.494999999999997,15.935,54.23125,0.1,6903.26,8191.214999999999,3.4813541666666667,7.834,97.14053566041667,28.08866666666667,35.318000000000005,21.482,53.52166666666667,0.16200000000000003,6692.02,7018.4400000000005,3.4592916666666667,6.7422,78.41950369916667,24.157916666666665,30.598,19.09,69.81083333333333,0.038000000000000006,6608.536,7091.802000000001,4.538033333333334,7.565,183.83169462833334,1.4705111879666832,0.0,5.247,2.2399999999999998,10.020000000000001
2026-08-17,28.305750000000003,33.938,23.274,40.35,0.04000000000000001,6620.6900000000005,7860.2,3.348075,6.7097999999999995,94.78158805749999,22.639166666666668,31.71,15.850000000000001,35.454166666666666,0.0,7142.17,8751.310000000001,3.2790000000000004,7.5550000000000015,89.7819053375,29.71766666666667,37.948,22.732,44.87916666666667,0.1,7104.56,8731.062,3.575175,7.050800000000001,90.04663451249999,25.104166666666664,32.322,19.288,26.04,0.0,7047.516,9074.852,4.676191666666667,7.9652,190.49448481416667,1.7114768926091828,0.0,6.305750000000003,1.4399999999999995,10.02
2026-08-18,28.983,35.36,23.276,18.8125,0.0,6981.620000000001,8746.276,4.03495,8.2182,168.48246612,23.829375,34.235,15.925,11.452083333333334,0.0,7222.545,9036.135,3.0520416666666668,7.207000000000001,82.19598412916666,30.082416666666667,38.836,22.182000000000002,5.8575,0.0,7332.06,9743.966,3.761091666666667,8.67,150.3795256641667,25.7945,34.356,18.864,6.7325,0.0,7318.912,9740.744,4.167333333333334,7.7378,169.01156881833333,1.8402967142631586,0.0,6.9830000000000005,1.4399999999999995,9.84
2026-08-19,29.020083333333332,34.954,23.504,19.388333333333335,0.010000000000000002,6956.53,8819.44,4.645008333333333,8.4848,200.4372779958333,23.045,29.905,16.605,32.25833333333333,0.0,6661.335,7329.344999999999,3.6885416666666666,8.381499999999999,124.16282811666666,29.458166666666667,36.502,22.39,16.1075,0.0,7267.080000000001,9423.022,5.900225000000001,10.2426,365.5178293475,25.60275,32.61,19.706,31.573333333333338,0.046,6801.276,8027.139999999999,4.638508333333333,8.7306,217.85517524083335,1.8093161435767402,0.0,7.020083333333332,1.4399999999999995,9.66
2026-08-20,26.891750000000002,31.23,22.990000000000002,60.9975,0.644,5311.93,5123.24,5.240216666666667,9.2924,252.99176090166668,18.418125,22.62,14.92,81.09791666666668,2.245,3711.9700000000003,2465.425,4.327145833333334,7.024,143.68486297708336,26.778166666666667,31.844,21.824,53.1175,0.27,6226.400000000001,6781.070000000001,6.76645,10.7826,455.4523616800001,21.8775,26.61,17.936,67.71916666666667,4.4959999999999996,5170.224,5009.9580000000005,5.646958333333333,8.9446,317.7388401708333,1.7754470762604704,0.0,4.891750000000002,3.3449999999999998,11.905000000000001
2026-08-21,24.894166666666667,29.218,20.93,50.266666666666666,0.36,6024.06,6596.006,4.639833333333334,7.8918,204.54945108333334,16.99020833333333,22.175,12.870000000000001,60.460416666666674,1.7800000000000002,6259.22,7093.835000000001,4.6129999999999995,8.2425,154.26524502499998,25.069166666666668,31.34,19.414,31.838333333333335,0.0,6870.02,8381.284,4.753775,9.058200000000001,257.5827870925,20.131333333333334,24.912,16.038,59.22416666666667,0.054000000000000006,6239.516,6753.914,5.087091666666667,8.2482,265.6506631941666,2.183747422829152,0.0,2.894166666666667,4.325,13.685
2026-08-22,24.924166666666668,30.040000000000003,20.28,43.44166666666667,0.048,6196.62,6709.948,4.7046166666666664,7.3500000000000005,170.33055389166665,18.367916666666666,27.495,10.715,49.16041666666666,0.0,6279.775000000001,6990.035,2.912583333333333,6.482,74.79887294583334,25.651333333333337,32.27,19.342,27.192500000000003,0.020000000000000004,6848.9400000000005,8282.752,4.00075,7.6718,125.59640628000001,21.664,28.96,15.73,48.178333333333335,0.036,6316.048,6965.9259999999995,4.9246083333333335,9.8102,238.54518410083335,1.2935028458679625,0.0,2.924166666666668,4.125,13.685
2026-08-23,26.195500000000003,31.906,21.248,40.4125,0.14200000000000002,6240.5,6925.584,4.256033333333334,7.5680000000000005,139.4660096833333,20.283541666666668,28.27,14.23,67.57708333333333,0.13999999999999999,5264.29,4290.845,2.895770833333333,7.741,85.21297443958335,25.937,33.116,19.39,30.113333333333337,0.09000000000000001,6675.58,7913.312000000001,4.177458333333334,8.3702,148.83754775083335,23.115166666666667,29.631999999999998,17.201999999999998,49.2275,0.326,5972.992,6346.697999999999,4.92265,8.0984,233.26159957999997,1.9559425832290906,0.0,4.195500000000003,4.165,12.410000000000002
2026-08-24,25.770583333333335,30.164,21.982,52.855,0.8120000000000002,5797.6,6074.8820000000005,5.942558333333333,9.6624,356.0855235808333,18.101041666666667,22.175,15.325000000000001,76.125,12.700000000000001,3201.39,2417.815,4.341666666666667,8.119,200.04773239166667,24.872666666666667,29.810000000000002,19.756,50.910000000000004,0.010000000000000002,5649.52,5691.904,6.248175,10.5122,417.6813851875,22.169,26.337999999999997,18.514,59.035000000000004,2.6780000000000004,5034.628,5199.816,6.743275000000001,10.7972,455.0412149275,1.3043135611273622,0.0,3.7705833333333345,16.865000000000002,24.980000000000004
2026-08-25,25.449333333333335,30.914,20.882,52.968333333333334,0.09,6474.37,7501.799999999999,5.046425,8.857000000000001,218.1005323475,17.793750000000003,21.805,14.720000000000002,83.04166666666667,4.845000000000001,4377.585,3382.925,3.912916666666667,6.916,140.27551714166665,24.92775,31.200000000000003,19.464,47.36333333333333,0.0,6694.08,7604.026000000001,4.338758333333334,8.2512,160.96170454583333,21.469250000000002,25.776,17.786,65.76,0.9,5559.336,5593.313999999999,5.5292666666666666,9.521,265.2737755066667,1.131709651859129,0.0,3.4493333333333354,21.71,29.825000000000003
2026-08-26,25.284333333333333,30.876,20.64,73.83,0.020000000000000004,5679.87,5364.338,4.631583333333333,7.7578000000000005,176.20611183833336,17.37,22.18,13.82,84.42916666666666,5.7299999999999995,4251.295,3202.89,5.125875,10.0995,281.64391905,24.883583333333334,31.054000000000002,19.432000000000002,60.02,0.020000000000000004,6444.26,7488.874000000001,5.356141666666667,9.412600000000001,263.91866537916667,21.503249999999998,27.034,16.776,79.53416666666666,3.044,5269.656,4872.022,5.920850000000001,9.865,335.650250635,1.1938878701652755,0.0,3.2843333333333327,27.44,35.555
2026-08-27,24.142416666666666,28.506,20.906000000000002,78.15416666666667,0.71,4947.110000000001,3883.396,5.306133333333333,9.5836,248.18603374833333,15.35125,18.765,12.695,83.05625,5.385,4021.7650000000003,3200.165,5.356166666666667,9.450000000000001,288.2891056166667,23.312,28.35,18.86,75.65166666666667,0.16600000000000004,5319.620000000001,4337.358,5.936825000000001,9.6814,318.7324015525,19.12408333333333,22.342,16.11,89.21916666666667,3.588,4076.328,2957.67,6.620266666666667,11.104,435.91255765166665,1.1730497038228551,0.0,2.1424166666666657,30.58,40.940000000000005
2026-08-28,23.275000000000002,28.738,18.186,33.99333333333334,0.0,6115.22,6873.77,5.076983333333334,9.0202,230.40831646333334,15.446041666666666,20.89,10.805000000000001,49.427083333333336,0.045000000000000005,5423.639999999999,6021.585,5.349916666666667,7.425,267.82181917916665,22.503166666666665,28.552000000000003,16.470000000000002,32.440000000000005,0.0,6480.8,8252.576000000001,4.227191666666667,7.8532,141.31727100416666,18.24525,23.498,13.078,42.781666666666666,0.38000000000000006,6092.892,7489.0,5.821141666666667,8.379,268.4504407691666,1.6165527540766995,0.0,1.2750000000000021,28.845,40.985
2026-08-29,24.216083333333334,30.844,17.576,6.695833333333334,0.0,6818.19,9082.41,3.310775,5.7728,63.0149883575,17.203333333333333,24.045,11.155,31.256249999999998,0.0,5379.21,5964.915,3.8305,7.275,155.0804992375,23.864,32.284,15.436,11.046666666666669,0.0,6928.66,9071.382,2.32635,4.846,25.58115665,20.215666666666667,27.178,13.67,21.2875,0.0,5911.36,7638.1539999999995,3.781441666666667,6.7416,131.90909353916666,2.144436628781814,0.0,2.2160833333333336,28.845,40.985
2026-08-30,25.24791666666667,31.902,18.69,6.135833333333333,0.030000000000000006,6480.41,8699.686,3.3593166666666665,7.4912,96.13212263666667,18.218958333333333,24.335,13.675,43.46875,0.0,5607.655,6043.150000000001,3.177,6.758,69.5491121375,25.409083333333335,34.080000000000005,16.396,0.7224999999999999,0.0,7015.280000000001,9657.990000000002,3.2699333333333334,6.7478,68.07699407833333,21.618333333333332,28.384,15.847999999999999,21.449166666666667,0.08000000000000002,6366.872,8207.48,4.375275,8.0294,130.4929096925,0.7778451099327528,0.0,3.2479166666666686,28.705000000000002,40.985
2026-08-31,25.428583333333336,31.486,19.242,16.185833333333335,0.0,6373.52,8136.492,3.7269333333333337,6.3612,132.92415149833334,17.259999999999998,24.384999999999998,11.370000000000001,41.729166666666664,0.0,6514.7300000000005,7927.390000000001,3.3393958333333336,6.921,87.90316666458332,26.169083333333333,34.582,17.614,3.331666666666667,0.0,6901.900000000001,9395.892,3.3445,7.411600000000001,140.36724676499998,21.06608333333333,28.272,15.15,27.10666666666667,0.0,6704.232,8762.072,4.381508333333334,8.511,227.93810631083332,2.272867447781587,0.0,3.4285833333333358,16.005,40.985
2026-09-01,25.567,31.312,20.438000000000002,37.17666666666667,0.08600000000000001,5654.98,6586.320000000001,3.3937083333333335,6.1091999999999995,74.25565426083334,18.173750000000002,26.0,11.5,39.199999999999996,0.0,6078.400000000001,7005.995000000001,2.8515833333333336,6.5120000000000005,60.80777082083333,26.453333333333337,33.582,19.270000000000003,36.920833333333334,0.030000000000000006,6107.56,7408.608,3.913466666666667,6.795800000000001,101.94194347166669,21.782416666666666,29.472,15.734,43.03666666666666,0.0,6304.08,7848.138,4.908283333333333,9.134599999999999,225.50002570333334,1.8390866622205184,0.0,3.567,11.159999999999998,40.985
2026-09-02,26.652083333333337,33.4,20.34,11.295833333333334,0.0,6541.6900000000005,8785.06,2.709625,5.2952,39.945219712500005,19.877708333333334,29.35,12.235,20.87916666666667,0.0,6609.38,8517.2,2.5092291666666666,6.1205,46.74422191041667,27.932333333333336,36.472,20.016000000000002,12.874166666666667,0.0,6686.74,9080.098000000002,2.6279833333333333,5.1088000000000005,35.68678742833333,23.317833333333333,31.476,16.476,12.291666666666666,0.0,6671.3,9171.752,3.7185916666666663,6.8404,139.05663834416669,2.5133412874266265,0.0,4.652083333333337,5.429999999999998,38.665
2026-09-03,27.888833333333334,35.316,21.442,4.640000000000001,0.0,6551.89,8851.816,3.4989083333333335,7.307,108.48871677583332,22.444166666666664,33.440000000000005,13.86,4.775,0.0,6612.530000000001,8857.285,1.8834166666666667,4.108,21.521097104166667,29.571083333333334,38.476,21.466,8.975000000000001,0.0,6707.880000000001,9161.526000000002,3.030066666666667,5.6738,63.32786159666667,25.186416666666666,33.818,17.626,5.03,0.0,6674.456,9294.294,4.336175,7.4274000000000004,247.55665938750002,3.3769369587511737,0.0,5.888833333333334,0.04499999999999823,38.665
2026-09-04,25.801000000000002,26.212000000000003,25.39,14.000000000000002,0.0,0.0,0.0,3.5069,3.5782000000000003,69.98668283,19.155,19.54,18.770000000000003,11.125,0.0,0.0,0.0,0.9862500000000001,1.2105000000000001,1.9277991749999999,26.576,27.204,25.948000000000004,4.92,0.0,0.0,0.0,2.6171,2.9756000000000005,52.465008590000004,22.673,23.183999999999997,22.162,8.87,0.0,0.0,0.0,2.4273000000000002,2.6748000000000003,78.60790935,3.0313507715208416,0.0,3.801000000000002,0.0,38.625
