forecast_id,target_date,graded_at_utc,actual_demand_mwh,actual_wind_mwh,actual_solar_mwh,actual_nuclear_mwh,actual_hydro_mwh,actual_peak_price_eur_mwh,demand_error_mwh,wind_error_mwh,solar_error_mwh,nuclear_error_mwh,hydro_error_mwh,price_error_eur_mwh,price_absolute_error_eur_mwh
411e65cbe4754575,2026-07-25,2026-09-23T11:54:55.051275+00:00,673956.84,178431.72,220561.59,167306.46,38614.61,175.92,4288.889461390092,9738.264511029993,39207.14955722884,-16273.067937435058,12254.08674524136,-61.22893427269467,61.22893427269467
7d59a2a752bc3b00,2026-07-26,2026-09-24T12:02:03.249110+00:00,606627.66,135922.75,215466.28,167942.47,34952.84,177.46,6913.764687554096,11283.769338978103,49318.41194745115,-8464.162307116727,18565.239885327755,-90.84939015931394,90.84939015931394
786f617a1e8d97d9,2026-07-27,2026-09-25T12:02:19.667405+00:00,727274.26,131923.18,278274.87,167687.76,50847.64,250.0,15388.27554373059,-7538.141648746357,-7002.9290136692,-6538.469138883054,18638.716906796573,-88.41807865883786,88.41807865883786
38d5f30fce9e264f,2026-07-28,2026-09-26T11:37:42.599190+00:00,770188.86,84506.88,276183.6,166696.78,61663.16,234.46,174.296889015357,2488.194585786623,1666.9177709646756,-7748.151941611373,14013.73503211375,-43.3945834785041,43.3945834785041
2d5ea3a54c9a532c,2026-07-29,2026-09-27T12:16:33.244011+00:00,793291.16,100364.7,286039.27,166742.95,59550.44,225.09,-19628.15418850736,-1134.4534051240337,-8486.983040234365,-6379.959897425055,16187.5722674665,-27.59324800911071,27.59324800911071
73cbcf7d67fbd53b,2026-07-30,2026-09-28T14:17:11.766279+00:00,796905.12,94231.69,284793.02,166498.02,66167.66,220.0,-16417.774326135754,4748.947773826891,-11455.468732521462,-6229.180699307792,14149.045675013942,-8.754328038023004,8.754328038023004
706505cc7a8f8165,2026-07-31,2026-09-29T13:11:17.428021+00:00,776600.65,105784.82,283684.37,166757.06,64335.41,182.6,7682.456350304652,2302.473397118418,-23514.154332968697,-7510.314737972163,10223.88813351786,14.403013888950484,14.403013888950484
03187044297011ce,2026-08-01,2026-09-30T12:51:29.708711+00:00,701805.65,104337.95,282022.56,146535.64,52399.16,198.69,-39661.48827644077,-3465.4929202913336,-8223.810813542863,12227.084159690974,8166.536280991844,-38.70721128163123,38.70721128163123
2441d355b4cf9216,2026-08-02,2026-10-01T13:38:21.981045+00:00,654598.02,74586.69,265836.18,136874.63,47544.91,210.3,-27046.875604725443,20473.41557533696,-5035.94514222708,21620.147262246,13600.23661281998,-66.41162729605793,66.41162729605793
299a37eee49545f7,2026-08-03,2026-10-02T12:56:39.052302+00:00,742862.09,91024.29,231481.04,140098.52,63727.8,222.69,-11692.349463183433,16482.95836755952,-26654.757417427376,10187.973146611825,19613.90275681688,-22.59706402082392,22.59706402082392
7c3960df2dee1d31,2026-08-04,2026-10-03T11:52:39.171428+00:00,728228.42,83835.71,283571.98,143117.86,56944.91,212.52,40662.093657457386,12066.248579888314,-10550.271249954589,4358.930022282118,21834.48071468012,-23.765276550279,23.765276550279
a97dd3174a82bc80,2026-08-05,2026-10-04T12:38:57.937124+00:00,750652.82,101222.86,306627.08,143119.62,49235.85,199.47,25008.4449486495,795.3684649210772,-47346.40775024661,4278.41701118261,25983.3569890054,-21.69418480740597,21.69418480740597
2be88cc4d55c04f6,2026-08-06,2026-10-05T15:04:15.513603+00:00,757174.7,108402.84,297338.44,142774.57,45087.12,209.61,27696.8056072488,-18456.109054606623,-34032.44733577437,4035.936596102372,34678.4888163895,-5.497726732829761,5.497726732829761
ab3bb31f79bcc4d2,2026-08-07,2026-10-06T13:29:04.984292+00:00,749403.25,72706.37,297052.69,142626.75,50201.1,220.0,22925.60481588717,12737.347731975096,-21705.187697453715,3871.707960038679,26686.98580049714,-14.609304007794805,14.609304007794805
9a1adfd15e3da8b3,2026-08-08,2026-10-07T13:40:56.651314+00:00,697038.1,90788.71,260472.36,142781.45,49335.72,191.01,22850.637426061206,5008.114784391029,-170.38644961552927,5876.410009944317,17938.870910881597,-9.96209479597772,9.96209479597772
304dbd06ac1e3df4,2026-08-09,2026-10-08T13:48:52.733852+00:00,657517.49,117108.99,264564.75,142811.05,39613.72,175.73,-6177.8725028203335,-23067.624246837848,-16848.008653297555,4335.246605265798,23126.309666532165,-24.60467912620865,24.60467912620865
b0979b8b9af3bfdb,2026-08-10,2026-10-09T13:33:30.642255+00:00,729880.07,109960.44,272280.24,143086.84,49273.89,233.76,11888.310308234068,-37823.663291596094,-7252.886797203857,3704.2932977399614,31184.29937768473,-36.891577736021986,36.891577736021986
770f72fd31fd4a9f,2026-08-11,2026-10-09T13:33:30.642255+00:00,732061.4,53571.7,298197.64,142919.61,53922.18,235.51,15849.943223470822,10233.358592499972,-27215.161739571893,4486.188047949137,26138.13692468644,-24.82938345345508,24.82938345345508
fa4c5b93984175c3,2026-08-12,2026-10-09T13:33:30.642255+00:00,747809.22,58786.66,290647.63,142712.39,59874.59,250.0,21543.38320297643,-4399.905369552835,-18622.68838647788,4628.7027492653,20818.31324904805,-37.66762155722719,37.66762155722719
b8bd3112118cddb8,2026-08-13,2026-10-09T13:33:30.642255+00:00,767573.7,71544.89,284870.76,142880.96,64663.38,268.97,6644.091058042715,14570.733140112585,-19860.820295681886,3013.5227093194844,16322.703849868958,-70.03288470401483,70.03288470401483
fb128af505b81b16,2026-08-14,2026-10-09T13:33:30.642255+00:00,757990.49,99752.64,255936.52000000002,143035.37,67696.45,252.5,3129.2498909850838,19044.869057244563,-30847.89064902492,1338.1387454002397,9264.97840258821,-68.30023568828136,68.30023568828136
dec68bca0012f4a9,2026-08-15,2026-10-09T13:33:30.642255+00:00,662181.96,126822.19,202301.19,143450.11,52821.0,209.95,39067.89153629227,13882.635615566745,-20918.004697165714,2153.304023502191,8464.143886307247,-40.44329834601487,40.44329834601487
b104b58443522780,2026-08-16,2026-10-09T13:33:30.642255+00:00,620400.83,79524.61,244071.97999999998,143314.21,50392.08,215.04,25970.69606094365,11731.611730860037,-57597.30940582408,5355.512130270101,12429.186288468627,-30.483552957343505,30.483552957343505
593ae332bd2e5ef9,2026-08-17,2026-10-09T13:33:30.642255+00:00,727922.45,95801.49,275400.88,150182.1,65678.91,240.0,15444.66046052496,1664.0722955832316,-52301.5109779599,-3315.260554153443,4702.544445873704,-25.010662271257843,25.010662271257843
bc24935c16101cf0,2026-08-18,2026-10-09T13:33:30.642255+00:00,750292.18,92743.47,289443.68999999994,164618.5,51733.68,248.0,6024.883267496363,2069.578830227445,-43691.73744315482,-19511.438211059285,22711.03381913696,-50.89581750434775,50.89581750434775
4b75c19b584d4c68,2026-08-19,2026-10-09T13:33:30.642255+00:00,756942.63,114765.34,277410.39999999997,166536.93,48878.33,216.74,410.15510607580654,-1922.8768623847573,-44860.25472562187,-21525.415682107938,19309.319614888736,-27.908760448592858,27.908760448592858
dc858c6ed29d1e97,2026-08-20,2026-10-09T13:33:30.642255+00:00,733802.49,131701.77,213133.44,166900.09,62674.13,202.04,6358.257665071636,17463.6403560919,-30034.334538859548,-11659.237057771941,2918.0813492130037,-35.41167283197328,35.41167283197328
7ccdb27d0bafd4f1,2026-08-21,2026-10-09T13:33:30.642255+00:00,680827.52,127354.01,253899.9,167731.94,45553.2,211.88,35671.05651482183,10742.139278867151,-22805.066756487504,-4468.756078808219,14395.509660503347,-74.55003920334872,74.55003920334872
ec8719223fba85b4,2026-08-22,2026-10-09T13:33:30.642255+00:00,617840.69,126647.24,221131.46,167366.54,41133.99,188.0,855.8158898212714,-17514.2192471186,-21238.50922803604,-1483.1974969254225,14684.562332163368,-58.935839865940636,58.935839865940636
3dcdc740d388ed53,2026-08-23,2026-10-09T13:33:30.642255+00:00,592296.99,112829.0,211525.38,166944.77,38280.78,166.93,9970.916146668256,15516.738430331345,-21109.41493504969,-3671.6783776681405,10078.94802342909,-49.64323800847541,49.64323800847541
eb9853e2b3365591,2026-08-24,2026-10-09T13:33:30.642255+00:00,691548.0,198427.15,194991.78,167028.58,39056.47,197.12,-3641.7432598099113,-2100.9872622455878,-32346.126067850855,-5759.616316868662,21796.1882914644,-93.84411661282728,93.84411661282728
65070f50f54070be,2026-08-25,2026-10-09T13:33:30.642255+00:00,688445.43,119839.4,241044.71,167310.04,50678.09,226.83,16773.05182559043,33561.565645258146,-35581.03255507804,-1333.48808393738,6915.574127389176,-109.07604843766065,109.07604843766065
25bf1fc5bc3074f3,2026-08-26,2026-10-09T13:33:30.642255+00:00,707269.2,154611.9,201330.78,167183.33,47755.55,214.0,-1261.8231363687664,23321.688846484933,-30453.152057074418,-3640.8160656460386,13011.317437008023,-94.31798957084465,94.31798957084465
a4da236826246e26,2026-08-27,2026-10-09T13:33:30.642255+00:00,704161.79,194530.27,181155.48,167233.55,43487.18,188.55,-5962.449132102425,4621.198962553113,-41077.09151953831,-1620.3794486351835,19170.413915390505,-67.75112335351461,67.75112335351461
8da5f9abadbe298e,2026-08-28,2026-10-09T13:33:30.642255+00:00,660018.81,160147.92,226402.46,167911.7,38883.2,216.0,25790.344210028765,-17267.53384534997,-23101.592725124356,-529.0210419780342,18751.199337480408,-92.99097671362608,92.99097671362608
29483ac24a707cc0,2026-08-29,2026-10-09T13:33:30.642255+00:00,584034.18,71201.94,224915.26,167951.56,37115.12,217.0,6974.802813767805,-2578.0101461019367,-1551.3260211135203,-2094.0260818440584,22472.99981374749,-91.81450104010482,91.81450104010482
f5c00f7ecf4d923d,2026-08-30,2026-10-09T13:33:30.642255+00:00,560290.99,68822.8,218760.63,167663.69,35728.96,212.82,5495.188405111316,-208.07556391187245,-12262.611722774978,-1655.901329773158,23057.402839838753,-83.30740959385628,83.30740959385628
09c4d142203dad81,2026-08-31,2026-10-09T13:33:30.642255+00:00,678762.97,114482.98,263229.46,167412.25,36511.4,217.0,16445.72484211391,-17213.59328144019,-45322.096966632875,-995.3007161128335,32372.412648106874,-55.37971555993968,55.37971555993968
5d8eb59b5d47f929,2026-09-01,2026-10-09T13:33:30.642255+00:00,727500.93,104575.5,242560.87,167078.38,60749.92,238.74,-21837.0527646119,-2768.6650133663934,-40928.90079857351,539.1695542692323,5371.254827537894,-71.27493019191422,71.27493019191422
da25379f28266983,2026-09-02,2026-10-09T13:33:30.642255+00:00,746234.79,54445.94,260323.1,166903.26,68775.68,247.27,-30795.001118747983,20125.826248784957,-40092.03700095136,0.12499543625744991,3650.2622177416924,-50.63279214037297,50.63279214037297
90169b347737ee48,2026-09-03,2026-10-09T13:33:30.642255+00:00,771136.1,63257.77,280393.67,163772.06,66639.38,300.0,-44026.00819685438,19636.07603901359,-65666.02456469278,1158.0446782878425,5974.013663458958,-99.76653082718917,99.76653082718917
2597cd4fd12ff9cb,2026-09-04,2026-10-09T13:33:30.642255+00:00,782175.41,45065.14,244235.26,151150.0,74568.58,260.27,-62016.474551055115,11251.72284194288,-31015.81387808337,12565.263458342146,-1017.704352235145,-78.95044365835119,78.95044365835119
6ff8bd8cef7cced7,2026-09-05,2026-10-09T13:33:30.642255+00:00,704219.72,112325.89,173172.69,136108.76,62479.05,225.01,-57395.22756306897,23466.163931264557,2296.719895680406,21543.174038904253,-2284.6365519376413,-92.97550454426235,92.97550454426235
c960af1230d8b87b,2026-09-06,2026-10-09T13:33:30.642255+00:00,654229.08,71764.19,211434.62,134211.79,45676.19,249.3,-38572.59006106865,15254.515588938899,-27897.727830535994,11560.200571799913,15565.093636184007,-98.07477105278818,98.07477105278818
8df114d81edd393b,2026-09-07,2026-10-09T13:33:30.642255+00:00,769153.84,54086.37,252935.83000000002,152217.15,69816.95,265.0,-44434.8396060447,11165.41160441716,-39398.107059732894,-3606.19271619097,3902.655013697906,-75.49792689084481,75.49792689084481
8d67bb14f6a70eda,2026-09-08,2026-10-09T13:33:30.642255+00:00,777792.42,133831.97,236530.30000000002,157179.29,55129.55,230.01,-27858.131992356153,4494.958634521958,-54549.54027658334,-9731.131321748166,11802.28940460019,-71.00747643177209,71.00747643177209
03ab6973b7e85a96,2026-09-09,2026-10-09T13:33:30.642255+00:00,748378.52,250659.33,223324.74,163363.69,36255.79,212.09,-25895.795895725838,-12541.729003172979,-51657.54066403868,-11346.880191218399,24245.608047438727,-96.9862413158651,96.9862413158651
bb46b4818492d6b1,2026-09-10,2026-10-09T13:33:30.642255+00:00,696536.31,94790.35,251688.45,167045.99,53316.36,278.48,46401.66365057952,16085.187352203211,-51969.32664548265,-13432.30284890192,18864.62684305577,-99.33764820438631,99.33764820438631
e58525b999b4b51b,2026-09-11,2026-10-09T13:33:30.642255+00:00,669172.86,106427.04,240559.61,167531.37,60516.44,250.01,51893.587014673045,20833.27353493565,-29598.00135000891,-9173.341620326595,7116.582380901498,-100.96933019611899,100.96933019611899
73275df55b482799,2026-09-12,2026-10-09T13:33:30.642255+00:00,610769.54,131644.34,223910.44,167408.94,38023.26,213.63,36754.94255280704,-10866.01574462591,-22269.54545964944,-7213.117550648574,19652.683231717325,-82.99794338388105,82.99794338388105
68a9bac0c0f02314,2026-09-13,2026-10-09T13:33:30.642255+00:00,581167.22,80717.34,230513.65999999997,167327.74,42023.15,237.53,-6227.027486873907,5124.458843281143,-40008.09521686117,-5291.776254922996,12380.548154722266,-110.45120370515852,110.45120370515852
d90971c164c8be71,2026-09-14,2026-10-09T13:33:30.642255+00:00,701488.48,46719.39,258514.46,166954.68,66079.52,300.0,-10638.181765564135,18438.552675043982,-44545.105428713316,-5008.147033422894,7727.335844479021,-119.95197864236545,119.95197864236545
9fed36889b10542f,2026-09-15,2026-10-09T13:33:30.642255+00:00,722609.88,83732.41,264503.38,166781.05,56774.31,268.06,-14006.578292082646,25543.907262065433,-61823.73935040191,-4322.712183869997,11774.022427890275,-124.83442735925408,124.83442735925408
ed959dcc48f24ece,2026-09-16,2026-10-09T13:33:30.642255+00:00,718512.57,277752.97,201928.24,167009.05,38119.64,196.18,-19907.266044280143,-24820.12857522894,-45624.56580165448,-8398.312169226381,16860.077778460065,-82.10663187409936,82.10663187409936
5d1e52db18826956,2026-09-17,2026-10-09T13:33:30.642255+00:00,686376.42,172343.0,211259.04,167456.7,46729.03,244.11,6403.224427027511,23360.52016644235,-43104.044621105306,-6562.7642561400135,14398.654072596393,-127.89987035934405,127.89987035934405
ccaaba55a6022155,2026-09-18,2026-10-09T13:33:30.642255+00:00,677586.07,146375.44,231106.71,167296.49,48438.81,228.78,-15422.022842777427,23361.4255062975,-38438.86060346654,-8022.540203594923,18070.702676201676,-106.28160553994717,106.28160553994717
1d92d037e29960da,2026-09-19,2026-10-09T13:33:30.642255+00:00,595378.67,90868.41,216812.78999999998,167491.77,38254.51,201.15,-12516.785258498392,18.1419380238367,-25049.72971031489,-7256.2318626232445,18401.310417472698,-68.06606644250678,68.06606644250678
0b8446d9ff23d490,2026-09-20,2026-10-09T13:33:30.642255+00:00,561075.26,82631.05,207248.45,167328.8,37049.5,225.57,-1110.3085870343493,2638.4502761685144,-22434.646213927917,-7280.654951870674,18210.763935753166,-100.98687306013004,100.98687306013004
6c0eb83ae2316abf,2026-09-21,2026-10-09T13:33:30.642255+00:00,671079.61,108606.97,244693.6,167472.9,50631.18,276.54,1389.0880316541297,6294.526148815101,-39664.250755081215,-7169.3932156627125,18100.894883639376,-122.75276752500017,122.75276752500017
4eaf7e3309d5e2cc,2026-09-22,2026-10-09T13:33:30.642255+00:00,681534.6,111683.23,235289.16,167554.21,56163.56,300.0,-5308.480542391771,-14857.10833677274,-34850.80648779916,-6453.934488099418,11309.421412351134,-133.355356796889,133.355356796889
72b7944f7671c3d6,2026-09-23,2026-10-09T13:33:30.642255+00:00,690632.69,68304.64,247205.37,167533.77,55071.13,274.36,-11668.033454172662,18115.01448437167,-46561.46012360262,-7604.876332703978,19811.763116582828,-100.42547972631348,100.42547972631348
6e238782353f9060,2026-09-24,2026-10-09T13:33:30.642255+00:00,692372.4,54334.61,238128.38999999998,167384.13,58508.83,288.23,-13042.145093873376,28405.991710302347,-34358.26940933324,-7225.828644253255,13261.487056288985,-111.12864517358113,111.12864517358113
8ab87d60d2131182,2026-09-25,2026-10-09T13:33:30.642255+00:00,696101.56,65722.74,246714.03,167251.85,51932.38,287.13,2729.4459012725856,-7176.115370785577,-37600.635623221315,-4759.097954683297,19967.35023807764,-108.37396036699482,108.37396036699482
d29ad48bf7d2382e,2026-09-26,2026-10-09T13:33:30.642255+00:00,613461.48,114682.67,217835.13,167277.29,47754.68,251.08,-15372.821047763107,-21054.612606971918,-34166.805469700805,-8229.039702665468,11044.399529623726,-127.97313716425131,127.97313716425131
684f0a66d311ccf1,2026-09-27,2026-10-09T13:33:30.642255+00:00,573441.39,125040.36,160582.03,167162.3,43126.09,210.26,-791.4325184620684,-17989.841839834757,-28390.565857853304,-9878.715481104475,13659.992663892095,-96.17720342626708,96.17720342626708
d41217cdcb2fa572,2026-09-28,2026-10-09T13:33:30.642255+00:00,679253.87,128168.89,117657.34999999999,167214.35,73890.76,280.59,-5509.244786758209,-33347.52296312242,-29352.911020254323,-8099.975217930711,1263.2879706763633,-108.9468805317789,108.9468805317789
2791b22604266d93,2026-09-29,2026-10-09T13:33:30.642255+00:00,690380.03,194421.28,160082.82,167244.37,52090.52,239.17,-13515.248305907473,3242.7031575784786,-19201.557884562644,-7463.938666115253,13713.757067983497,-128.1848800674333,128.1848800674333
45d7943d5e481144,2026-09-30,2026-10-09T13:33:30.642255+00:00,702439.9,175024.06,126297.25,167213.41,62687.48,261.03,-18858.001553483657,-34604.21931975067,-13093.237759823154,-5808.377542016096,8528.763785576804,-99.10992911146025,99.10992911146025
4fae8c4e163e0509,2026-10-01,2026-10-09T13:33:30.642255+00:00,670458.4,129859.5,176027.3,165997.8,66579.2,258.32,665.297058479744,2384.9971697758883,-36904.42231034153,-5726.027693691023,6258.24556735417,-115.15891721685557,115.15891721685557
6472b683eb88f5e2,2026-10-02,2026-10-09T13:33:30.642255+00:00,670580.4,145910.5,146936.8,166188.3,72802.3,279.83,4191.75855122332,7490.668602794147,-18666.06023691679,-5779.178643640829,-2865.6687312580325,-133.27912497973713,133.27912497973713
663f51ca0972e4ee,2026-10-03,2026-10-09T13:33:30.642255+00:00,583385.5,121554.0,121248.3,166253.2,64568.1,238.7,2434.2803132258123,19292.825956363493,-4471.5230481568,-5725.09158471183,-2106.3352853956385,-125.05645892096204,125.05645892096204
45f0fc56d2c4b534,2026-10-04,2026-10-09T13:33:30.642255+00:00,544195.5,81522.2,127687.9,166517.8,62840.1,245.07,12672.965596834198,26349.639568730447,-7238.237952741794,-6116.811727083987,-4262.5886228569,-122.45850603773596,122.45850603773596
2d9b818510150c05,2026-10-05,2026-10-09T13:33:30.642255+00:00,649565.9,63318.6,149935.8,166538.1,71836.6,271.93,31631.82540029206,9502.813431523777,-30057.674450820385,-3698.7816588557034,8009.886137421316,-78.13241581188896,78.13241581188896
78e7cb030669e806,2026-10-06,2026-10-09T13:33:30.642255+00:00,665168.6,90507.3,107244.2,165870.3,73996.3,281.31,18641.21932890627,14905.542578468958,6095.49534445873,-4801.65556009303,1420.943825102193,-100.8621233410231,100.8621233410231
0af4d0e3f5d85d2d,2026-10-07,2026-10-09T13:33:30.642255+00:00,646606.3,128136.6,168666.69999999998,140950.6,59571.0,245.9,24720.1616644928,13840.335575348843,-37925.96930327923,22423.39185943894,4756.493796713548,-99.01744739849045,99.01744739849045
df259477a7744ad3,2026-10-08,2026-10-09T13:33:30.642255+00:00,621727.3,236473.4,169652.8,141188.4,39543.5,204.5,54264.12682940194,13053.73110734162,-22601.654574501008,19582.495419593615,15690.479442655698,-74.79986028834452,74.79986028834452
